date,symbol,action,score,tech_score,upside_1y,forward_return_pct,hit
2021-03-03,AAPL,BUY,63.0,63.0,21.08,0.07,True
2021-03-03,MSFT,HOLD,55.0,55.0,10.38,3.61,
2021-03-03,NVDA,BUY,65.0,65.0,17.47,4.28,True
2021-03-03,GOOGL,STRONG BUY,73.0,73.0,25.12,2.54,True
2021-03-03,AMZN,HOLD,55.0,55.0,7.65,2.96,
2021-03-03,META,HOLD,47.0,47.0,3.94,15.32,
2021-03-03,TSLA,BUY,58.0,58.0,59.61,2.26,True
2021-03-10,AAPL,BUY,55.0,55.0,18.48,8.65,True
2021-03-10,MSFT,BUY,63.0,63.0,15.5,8.96,True
2021-03-10,NVDA,HOLD,50.0,50.0,14.09,14.83,
2021-03-10,GOOGL,STRONG BUY,73.0,73.0,28.05,10.52,True
2021-03-10,AMZN,HOLD,47.0,47.0,5.22,7.9,
2021-03-10,META,HOLD,55.0,55.0,5.47,18.17,
2021-03-10,TSLA,BUY,50.0,50.0,59.76,2.36,True
2021-03-17,AAPL,BUY,55.0,55.0,17.08,7.81,True
2021-03-17,MSFT,BUY,63.0,63.0,11.29,9.48,True
2021-03-17,NVDA,HOLD,50.0,50.0,10.53,20.96,
2021-03-17,GOOGL,BUY,63.0,63.0,18.86,9.75,True
2021-03-17,AMZN,HOLD,55.0,55.0,5.44,7.76,
2021-03-17,META,BUY,73.0,73.0,8.3,8.38,True
2021-03-17,TSLA,BUY,50.0,50.0,55.92,5.28,True
2021-03-24,AAPL,BUY,55.0,55.0,15.73,9.87,True
2021-03-24,MSFT,BUY,63.0,63.0,13.11,9.22,True
2021-03-24,NVDA,HOLD,50.0,50.0,11.72,17.46,
2021-03-24,GOOGL,BUY,63.0,63.0,18.97,10.82,True
2021-03-24,AMZN,HOLD,47.0,47.0,6.26,7.19,
2021-03-24,META,STRONG BUY,73.0,73.0,11.79,5.1,True
2021-03-24,TSLA,BUY,50.0,50.0,56.91,14.19,True
2021-03-31,AAPL,BUY,55.0,55.0,15.81,9.28,True
2021-03-31,MSFT,STRONG BUY,73.0,73.0,16.05,7.1,True
2021-03-31,NVDA,HOLD,50.0,50.0,12.05,14.81,
2021-03-31,GOOGL,BUY,63.0,63.0,19.1,16.01,True
2021-03-31,AMZN,HOLD,47.0,47.0,5.85,12.19,
2021-03-31,META,STRONG BUY,73.0,73.0,13.52,11.88,True
2021-03-31,TSLA,BUY,50.0,50.0,43.71,1.36,True
2021-04-08,AAPL,BUY,65.0,65.0,20.26,-0.48,False
2021-04-08,MSFT,BUY,65.0,65.0,16.16,-1.39,False
2021-04-08,NVDA,BUY,60.0,60.0,16.37,1.44,True
2021-04-08,GOOGL,BUY,65.0,65.0,22.12,3.86,True
2021-04-08,AMZN,BUY,65.0,65.0,9.91,0.21,True
2021-04-08,META,BUY,65.0,65.0,13.06,2.24,True
2021-04-08,TSLA,BUY,60.0,60.0,36.36,-2.96,False
2021-04-15,AAPL,BUY,65.0,65.0,18.32,-6.93,False
2021-04-15,MSFT,BUY,65.0,65.0,17.65,-6.35,False
2021-04-15,NVDA,BUY,65.0,65.0,19.89,-15.32,False
2021-04-15,GOOGL,BUY,65.0,65.0,21.87,-2.46,False
2021-04-15,AMZN,BUY,65.0,65.0,11.21,-6.44,False
2021-04-15,META,BUY,65.0,65.0,12.41,-0.83,False
2021-04-15,TSLA,BUY,68.0,68.0,38.26,-22.62,False
2021-04-22,AAPL,STRONG BUY,73.0,73.0,19.21,-3.35,False
2021-04-22,MSFT,BUY,65.0,65.0,17.85,-3.94,False
2021-04-22,NVDA,STRONG BUY,73.0,73.0,21.51,-1.6,False
2021-04-22,GOOGL,BUY,65.0,65.0,23.54,2.42,True
2021-04-22,AMZN,HOLD,55.0,55.0,8.97,-1.85,
2021-04-22,META,STRONG BUY,73.0,73.0,13.93,7.45,True
2021-04-22,TSLA,BUY,68.0,68.0,36.62,-18.47,False
2021-04-29,AAPL,STRONG BUY,73.0,73.0,17.18,-5.98,False
2021-04-29,MSFT,STRONG BUY,73.0,73.0,17.64,-1.04,False
2021-04-29,NVDA,STRONG BUY,73.0,73.0,21.02,1.07,True
2021-04-29,GOOGL,STRONG BUY,73.0,73.0,30.46,-1.26,False
2021-04-29,AMZN,STRONG BUY,73.0,73.0,12.59,-6.95,False
2021-04-29,META,STRONG BUY,73.0,73.0,16.85,0.98,True
2021-04-29,TSLA,BUY,60.0,60.0,26.54,-6.82,False
2021-05-06,AAPL,STRONG BUY,73.0,73.0,12.04,-2.8,False
2021-05-06,MSFT,STRONG BUY,73.0,73.0,15.59,0.66,True
2021-05-06,NVDA,STRONG BUY,81.0,81.0,22.52,21.04,True
2021-05-06,GOOGL,STRONG BUY,73.0,73.0,28.04,2.41,True
2021-05-06,AMZN,BUY,73.0,73.0,9.36,-3.03,False
2021-05-06,META,STRONG BUY,73.0,73.0,15.73,3.23,True
2021-05-06,TSLA,BUY,60.0,60.0,28.25,-9.72,False
2021-05-13,AAPL,BUY,63.0,63.0,10.7,1.9,True
2021-05-13,MSFT,BUY,63.0,63.0,14.34,6.36,True
2021-05-13,NVDA,BUY,63.0,63.0,14.15,30.47,True
2021-05-13,GOOGL,STRONG BUY,73.0,73.0,27.91,9.02,True
2021-05-13,AMZN,HOLD,47.0,47.0,3.21,5.86,
2021-05-13,META,BUY,63.0,63.0,13.14,8.52,True
2021-05-13,TSLA,BUY,50.0,50.0,20.85,6.68,True
2021-05-20,AAPL,HOLD,55.0,55.0,9.52,2.47,
2021-05-20,MSFT,BUY,63.0,63.0,15.62,5.25,True
2021-05-20,NVDA,BUY,63.0,63.0,14.98,27.58,True
2021-05-20,GOOGL,BUY,63.0,63.0,27.28,4.13,True
2021-05-20,AMZN,BUY,63.0,63.0,8.33,7.37,True
2021-05-20,META,STRONG BUY,73.0,73.0,21.8,3.47,True
2021-05-20,TSLA,HOLD,50.0,50.0,13.73,6.23,
2021-05-27,AAPL,HOLD,55.0,55.0,7.33,6.25,
2021-05-27,MSFT,BUY,63.0,63.0,13.48,6.3,True
2021-05-27,NVDA,STRONG BUY,73.0,73.0,19.42,22.9,True
2021-05-27,GOOGL,STRONG BUY,73.0,73.0,25.86,3.7,True
2021-05-27,AMZN,HOLD,55.0,55.0,3.63,5.3,
2021-05-27,META,STRONG BUY,73.0,73.0,19.78,2.59,True
2021-05-27,TSLA,HOLD,55.0,55.0,12.71,6.5,
2021-06-04,AAPL,HOLD,55.0,55.0,3.27,11.18,
2021-06-04,MSFT,BUY,63.0,63.0,11.49,10.71,True
2021-06-04,NVDA,BUY,65.0,65.0,24.89,16.57,True
2021-06-04,GOOGL,STRONG BUY,73.0,73.0,29.08,4.66,True
2021-06-04,AMZN,HOLD,47.0,47.0,1.67,9.51,
2021-06-04,META,STRONG BUY,73.0,73.0,18.66,7.37,True
2021-06-04,TSLA,HOLD,47.0,47.0,9.49,13.33,
2021-06-11,AAPL,HOLD,55.0,55.0,5.61,13.47,
2021-06-11,MSFT,BUY,68.0,68.0,11.14,7.53,True
2021-06-11,NVDA,BUY,65.0,65.0,22.63,15.08,True
2021-06-11,GOOGL,BUY,65.0,65.0,20.2,4.5,True
2021-06-11,AMZN,BUY,65.0,65.0,4.89,11.11,True
2021-06-11,META,STRONG BUY,73.0,73.0,20.4,6.61,True
2021-06-11,TSLA,HOLD,55.0,55.0,10.08,12.43,
2021-06-18,AAPL,BUY,73.0,73.0,8.8,9.19,True
2021-06-18,MSFT,STRONG BUY,76.0,76.0,13.22,6.78,True
2021-06-18,NVDA,BUY,65.0,65.0,19.16,0.76,True
2021-06-18,GOOGL,STRONG BUY,73.0,73.0,21.36,3.72,True
2021-06-18,AMZN,BUY,68.0,68.0,6.99,1.8,True
2021-06-18,META,STRONG BUY,73.0,73.0,19.26,2.21,True
2021-06-18,TSLA,BUY,65.0,65.0,13.03,3.68,True
2021-06-25,AAPL,BUY,68.0,68.0,10.12,11.93,True
2021-06-25,MSFT,BUY,68.0,68.0,12.1,9.07,True
2021-06-25,NVDA,BUY,65.0,65.0,20.23,1.38,True
2021-06-25,GOOGL,STRONG BUY,76.0,76.0,22.56,9.41,True
2021-06-25,AMZN,BUY,68.0,68.0,5.38,8.77,True
2021-06-25,META,STRONG BUY,73.0,73.0,21.64,9.11,True
2021-06-25,TSLA,BUY,65.0,65.0,12.89,-2.12,False
2021-07-02,AAPL,BUY,68.0,68.0,15.36,3.97,True
2021-07-02,MSFT,BUY,68.0,68.0,17.85,2.58,True
2021-07-02,NVDA,BUY,65.0,65.0,32.43,-3.6,False
2021-07-02,GOOGL,STRONG BUY,76.0,76.0,26.43,7.66,True
2021-07-02,AMZN,STRONG BUY,76.0,76.0,12.87,-5.11,False
2021-07-02,META,STRONG BUY,73.0,73.0,27.65,-0.78,False
2021-07-02,TSLA,BUY,65.0,65.0,18.82,4.53,True
2021-07-12,AAPL,BUY,68.0,68.0,16.96,1.25,True
2021-07-12,MSFT,BUY,68.0,68.0,18.96,3.97,True
2021-07-12,NVDA,BUY,65.0,65.0,39.25,-1.06,False
2021-07-12,GOOGL,BUY,68.0,68.0,24.94,7.83,True
2021-07-12,AMZN,BUY,65.0,65.0,14.97,-10.13,False
2021-07-12,META,STRONG BUY,73.0,73.0,27.03,2.39,True
2021-07-12,TSLA,BUY,55.0,55.0,20.79,4.09,True
2021-07-19,AAPL,STRONG BUY,76.0,76.0,17.31,6.25,True
2021-07-19,MSFT,STRONG BUY,76.0,76.0,18.4,6.35,True
2021-07-19,NVDA,STRONG BUY,73.0,73.0,32.89,6.23,True
2021-07-19,GOOGL,STRONG BUY,76.0,76.0,24.66,11.02,True
2021-07-19,AMZN,STRONG BUY,73.0,73.0,12.29,-7.06,False
2021-07-19,META,STRONG BUY,73.0,73.0,21.14,8.79,True
2021-07-19,TSLA,HOLD,55.0,55.0,12.91,6.18,
2021-07-26,AAPL,STRONG BUY,76.0,76.0,19.82,0.63,True
2021-07-26,MSFT,STRONG BUY,76.0,76.0,22.29,5.6,True
2021-07-26,NVDA,STRONG BUY,73.0,73.0,36.36,13.81,True
2021-07-26,GOOGL,BUY,68.0,68.0,28.42,4.48,True
2021-07-26,AMZN,STRONG BUY,73.0,73.0,16.0,-11.73,False
2021-07-26,META,STRONG BUY,73.0,73.0,24.63,-2.45,False
2021-07-26,TSLA,BUY,55.0,55.0,15.54,7.4,True
2021-08-02,AAPL,STRONG BUY,76.0,76.0,18.76,5.38,True
2021-08-02,MSFT,STRONG BUY,76.0,76.0,21.66,6.79,True
2021-08-02,NVDA,BUY,63.0,63.0,36.61,14.88,True
2021-08-02,GOOGL,STRONG BUY,76.0,76.0,30.86,7.22,True
2021-08-02,AMZN,BUY,63.0,63.0,9.56,2.7,True
2021-08-02,META,STRONG BUY,73.0,73.0,22.47,8.16,True
2021-08-02,TSLA,BUY,55.0,55.0,17.25,2.99,True
2021-08-09,AAPL,STRONG BUY,76.0,76.0,17.94,7.26,True
2021-08-09,MSFT,STRONG BUY,76.0,76.0,19.98,4.31,True
2021-08-09,NVDA,BUY,65.0,65.0,31.61,11.68,True
2021-08-09,GOOGL,BUY,68.0,68.0,26.81,5.38,True
2021-08-09,AMZN,HOLD,55.0,55.0,5.98,5.01,
2021-08-09,META,STRONG BUY,73.0,73.0,19.55,5.69,True
2021-08-09,TSLA,HOLD,55.0,55.0,14.82,5.49,
2021-08-16,AAPL,STRONG BUY,76.0,76.0,14.72,-1.99,False
2021-08-16,MSFT,BUY,68.0,68.0,16.05,1.96,True
2021-08-16,NVDA,STRONG BUY,73.0,73.0,30.22,11.51,True
2021-08-16,GOOGL,BUY,68.0,68.0,23.52,3.06,True
2021-08-16,AMZN,BUY,63.0,63.0,3.83,4.58,True
2021-08-16,META,STRONG BUY,73.0,73.0,17.73,2.72,True
2021-08-16,TSLA,HOLD,55.0,55.0,11.9,8.5,
2021-08-23,AAPL,STRONG BUY,76.0,76.0,14.21,-4.19,False
2021-08-23,MSFT,BUY,68.0,68.0,16.7,-3.23,False
2021-08-23,NVDA,STRONG BUY,73.0,73.0,28.17,-3.23,False
2021-08-23,GOOGL,STRONG BUY,76.0,76.0,26.02,-0.72,False
2021-08-23,AMZN,HOLD,47.0,47.0,-0.11,2.38,
2021-08-23,META,STRONG BUY,73.0,73.0,19.1,-1.62,False
2021-08-23,TSLA,HOLD,55.0,55.0,7.39,4.68,
2021-08-30,AAPL,STRONG BUY,76.0,76.0,15.47,-7.32,False
2021-08-30,MSFT,BUY,68.0,68.0,17.12,-6.61,False
2021-08-30,NVDA,BUY,65.0,65.0,31.86,-8.75,False
2021-08-30,GOOGL,BUY,68.0,68.0,25.39,-6.06,False
2021-08-30,AMZN,HOLD,55.0,55.0,3.86,-3.09,
2021-08-30,META,STRONG BUY,73.0,73.0,22.69,-10.51,False
2021-08-30,TSLA,STRONG BUY,73.0,73.0,12.31,6.38,True
2021-09-07,AAPL,STRONG BUY,76.0,76.0,18.31,-9.94,False
2021-09-07,MSFT,STRONG BUY,76.0,76.0,21.33,-3.8,False
2021-09-07,NVDA,BUY,65.0,65.0,34.2,-9.76,False
2021-09-07,GOOGL,BUY,68.0,68.0,24.48,-5.72,False
2021-09-07,AMZN,BUY,65.0,65.0,5.15,-8.22,False
2021-09-07,META,BUY,65.0,65.0,16.97,-12.88,False
2021-09-07,TSLA,BUY,65.0,65.0,12.64,3.68,True
2021-09-14,AAPL,STRONG BUY,76.0,76.0,16.99,-4.46,False
2021-09-14,MSFT,STRONG BUY,76.0,76.0,21.57,-2.3,False
2021-09-14,NVDA,STRONG BUY,73.0,73.0,37.19,-7.06,False
2021-09-14,GOOGL,STRONG BUY,76.0,76.0,26.46,-4.28,False
2021-09-14,AMZN,BUY,60.0,60.0,6.49,-5.87,False
2021-09-14,META,STRONG BUY,76.0,76.0,20.66,-14.01,False
2021-09-14,TSLA,STRONG BUY,73.0,73.0,16.56,8.22,True
2021-09-21,AAPL,HOLD,55.0,55.0,12.52,3.72,
2021-09-21,MSFT,STRONG BUY,76.0,76.0,22.38,4.56,True
2021-09-21,NVDA,STRONG BUY,73.0,73.0,38.66,4.91,True
2021-09-21,GOOGL,STRONG BUY,76.0,76.0,27.95,3.02,True
2021-09-21,AMZN,BUY,68.0,68.0,8.28,3.01,True
2021-09-21,META,BUY,66.0,66.0,17.58,-4.89,False
2021-09-21,TSLA,STRONG BUY,73.0,73.0,24.11,16.89,True
2021-09-28,AAPL,BUY,63.0,63.0,14.85,5.22,True
2021-09-28,MSFT,BUY,58.0,58.0,17.75,9.38,True
2021-09-28,NVDA,BUY,55.0,55.0,29.69,19.41,True
2021-09-28,GOOGL,BUY,58.0,58.0,22.56,2.56,True
2021-09-28,AMZN,BUY,76.0,76.0,9.97,1.81,True
2021-09-28,META,BUY,63.0,63.0,15.51,-7.29,False
2021-09-28,TSLA,STRONG BUY,73.0,73.0,26.82,30.98,True
2021-10-05,AAPL,HOLD,55.0,55.0,13.18,6.31,
2021-10-05,MSFT,BUY,58.0,58.0,17.32,15.37,True
2021-10-05,NVDA,BUY,55.0,55.0,24.36,29.09,True
2021-10-05,GOOGL,BUY,55.0,55.0,20.2,6.92,True
2021-10-05,AMZN,HOLD,58.0,58.0,4.92,2.85,
2021-10-05,META,BUY,63.0,63.0,12.82,-1.47,False
2021-10-05,TSLA,STRONG BUY,73.0,73.0,21.7,50.14,True
2021-10-12,AAPL,HOLD,58.0,58.0,13.31,6.73,
2021-10-12,MSFT,BUY,55.0,55.0,16.3,14.71,True
2021-10-12,NVDA,BUY,55.0,55.0,20.27,48.31,True
2021-10-12,GOOGL,BUY,55.0,55.0,19.17,9.14,True
2021-10-12,AMZN,HOLD,50.0,50.0,3.81,10.13,
2021-10-12,META,HOLD,55.0,55.0,9.15,3.58,
2021-10-12,TSLA,BUY,65.0,65.0,23.05,27.03,True
2021-10-19,AAPL,BUY,63.0,63.0,14.04,1.65,True
2021-10-19,MSFT,BUY,65.0,65.0,19.21,10.15,True
2021-10-19,NVDA,BUY,63.0,63.0,23.85,35.5,True
2021-10-19,GOOGL,BUY,63.0,63.0,21.35,3.24,True
2021-10-19,AMZN,BUY,63.0,63.0,5.43,2.8,True
2021-10-19,META,HOLD,55.0,55.0,9.98,0.87,
2021-10-19,TSLA,BUY,65.0,65.0,24.91,22.04,True
2021-10-26,AAPL,BUY,68.0,68.0,14.54,8.25,True
2021-10-26,MSFT,BUY,65.0,65.0,19.1,9.09,True
2021-10-26,NVDA,BUY,65.0,65.0,27.54,28.44,True
2021-10-26,GOOGL,BUY,65.0,65.0,21.34,4.65,True
2021-10-26,AMZN,BUY,73.0,73.0,5.85,6.04,True
2021-10-26,META,HOLD,47.0,47.0,7.38,6.79,
2021-10-26,TSLA,BUY,65.0,65.0,34.25,8.9,True
2021-11-02,AAPL,BUY,68.0,68.0,13.58,9.99,True
2021-11-02,MSFT,BUY,65.0,65.0,20.65,-0.73,False
2021-11-02,NVDA,BUY,65.0,65.0,25.63,19.08,True
2021-11-02,GOOGL,STRONG BUY,73.0,73.0,24.24,-3.01,False
2021-11-02,AMZN,HOLD,57.0,57.0,2.21,3.95,
2021-11-02,META,HOLD,55.0,55.0,6.28,-5.33,
2021-11-02,TSLA,BUY,65.0,65.0,35.64,-6.57,False
2021-11-09,AAPL,STRONG BUY,76.0,76.0,12.61,16.09,True
2021-11-09,MSFT,BUY,68.0,68.0,20.15,-0.11,False
2021-11-09,NVDA,BUY,65.0,65.0,31.53,3.83,True
2021-11-09,GOOGL,STRONG BUY,73.0,73.0,23.45,-0.49,False
2021-11-09,AMZN,BUY,73.0,73.0,4.4,-1.48,False
2021-11-09,META,BUY,65.0,65.0,9.2,-1.43,False
2021-11-09,TSLA,BUY,68.0,68.0,32.13,4.44,True
2021-11-16,AAPL,STRONG BUY,76.0,76.0,11.3,18.74,True
2021-11-16,MSFT,BUY,68.0,68.0,20.26,-1.25,False
2021-11-16,NVDA,BUY,65.0,65.0,33.74,0.86,True
2021-11-16,GOOGL,STRONG BUY,73.0,73.0,22.89,-0.97,False
2021-11-16,AMZN,BUY,73.0,73.0,4.15,-2.1,False
2021-11-16,META,BUY,65.0,65.0,9.69,-0.38,False
2021-11-16,TSLA,BUY,68.0,68.0,33.17,-7.47,False
2021-11-23,AAPL,BUY,68.0,68.0,11.74,8.82,True
2021-11-23,MSFT,STRONG BUY,76.0,76.0,22.82,-1.33,False
2021-11-23,NVDA,BUY,68.0,68.0,45.7,-7.38,False
2021-11-23,GOOGL,STRONG BUY,73.0,73.0,23.17,0.43,True
2021-11-23,AMZN,BUY,73.0,73.0,6.11,-4.45,False
2021-11-23,META,BUY,65.0,65.0,10.74,-2.02,False
2021-11-23,TSLA,BUY,68.0,68.0,38.13,-9.03,False
2021-12-01,AAPL,BUY,65.0,65.0,11.83,8.15,True
2021-12-01,MSFT,STRONG BUY,76.0,76.0,20.8,2.8,True
2021-12-01,NVDA,BUY,68.0,68.0,43.78,-5.88,False
2021-12-01,GOOGL,BUY,65.0,65.0,17.91,3.65,True
2021-12-01,AMZN,BUY,73.0,73.0,4.36,-2.06,False
2021-12-01,META,HOLD,57.0,57.0,4.02,10.87,
2021-12-01,TSLA,BUY,68.0,68.0,40.27,-2.25,False
2021-12-08,AAPL,BUY,65.0,65.0,14.29,-1.76,False
2021-12-08,MSFT,BUY,63.0,63.0,18.42,-6.3,False
2021-12-08,NVDA,BUY,68.0,68.0,43.05,-11.46,False
2021-12-08,GOOGL,BUY,63.0,63.0,17.16,-7.04,False
2021-12-08,AMZN,BUY,73.0,73.0,8.92,-7.33,False
2021-12-08,META,HOLD,55.0,55.0,6.33,0.57,
2021-12-08,TSLA,BUY,58.0,58.0,28.98,-0.4,False
2021-12-15,AAPL,STRONG BUY,73.0,73.0,18.32,-3.97,False
2021-12-15,MSFT,BUY,63.0,63.0,18.78,-8.92,False
2021-12-15,NVDA,BUY,58.0,58.0,38.42,-12.75,False
2021-12-15,GOOGL,BUY,63.0,63.0,16.35,-5.36,False
2021-12-15,AMZN,BUY,63.0,63.0,6.98,-6.98,False
2021-12-15,META,HOLD,45.0,45.0,3.36,-4.44,
2021-12-15,TSLA,BUY,50.0,50.0,22.89,5.69,True
2021-12-22,AAPL,STRONG BUY,73.0,73.0,16.12,-7.53,False
2021-12-22,MSFT,BUY,63.0,63.0,17.44,-11.16,False
2021-12-22,NVDA,BUY,58.0,58.0,39.35,-20.5,False
2021-12-22,GOOGL,BUY,63.0,63.0,16.21,-10.97,False
2021-12-22,AMZN,HOLD,55.0,55.0,6.13,-16.6,
2021-12-22,META,STRONG SELL,29.0,29.0,-0.53,-8.26,True
2021-12-22,TSLA,BUY,50.0,50.0,29.47,-6.44,False
2021-12-30,AAPL,STRONG BUY,73.0,73.0,17.68,-4.42,False
2021-12-30,MSFT,STRONG BUY,73.0,73.0,18.59,-9.15,False
2021-12-30,NVDA,BUY,58.0,58.0,32.14,-22.8,False
2021-12-30,GOOGL,STRONG BUY,73.0,73.0,16.46,-8.79,False
2021-12-30,AMZN,HOLD,47.0,47.0,3.01,-14.63,
2021-12-30,META,HOLD,55.0,55.0,4.58,-12.39,
2021-12-30,TSLA,BUY,58.0,58.0,30.74,-20.93,False
2022-01-06,AAPL,STRONG BUY,73.0,73.0,16.14,0.35,True
2022-01-06,MSFT,HOLD,55.0,55.0,12.64,-2.53,
2022-01-06,NVDA,BUY,50.0,50.0,27.3,-13.7,False
2022-01-06,GOOGL,HOLD,55.0,55.0,9.73,4.03,
2022-01-06,AMZN,HOLD,47.0,47.0,-0.37,-3.44,
2022-01-06,META,SELL,39.0,39.0,-1.38,-28.69,True
2022-01-06,TSLA,BUY,60.0,60.0,29.29,-13.28,False
2022-01-13,AAPL,BUY,63.0,63.0,13.23,-1.94,False
2022-01-13,MSFT,BUY,63.0,63.0,13.87,-3.2,False
2022-01-13,NVDA,BUY,50.0,50.0,26.23,-9.88,False
2022-01-13,GOOGL,BUY,63.0,63.0,11.43,-3.11,False
2022-01-13,AMZN,HOLD,47.0,47.0,-1.68,-4.91,
2022-01-13,META,SELL,39.0,39.0,-2.02,-32.75,True
2022-01-13,TSLA,BUY,60.0,60.0,27.31,-16.63,False
2022-01-21,AAPL,BUY,63.0,63.0,14.12,3.14,True
2022-01-21,MSFT,BUY,63.0,63.0,12.17,-2.54,False
2022-01-21,NVDA,BUY,58.0,58.0,25.98,1.15,True
2022-01-21,GOOGL,HOLD,55.0,55.0,7.9,0.04,
2022-01-21,AMZN,HOLD,55.0,55.0,-2.3,6.98,
2022-01-21,META,SELL,37.0,37.0,-3.71,-32.0,True
2022-01-21,TSLA,BUY,50.0,50.0,22.35,-9.21,False
2022-01-28,AAPL,BUY,63.0,63.0,17.22,-2.94,False
2022-01-28,MSFT,HOLD,55.0,55.0,12.0,-2.87,
2022-01-28,NVDA,BUY,63.0,63.0,27.35,6.76,True
2022-01-28,GOOGL,HOLD,47.0,47.0,7.13,1.28,
2022-01-28,AMZN,SELL,37.0,37.0,-5.28,6.66,False
2022-01-28,META,STRONG SELL,29.0,29.0,-2.74,-30.06,True
2022-01-28,TSLA,BUY,58.0,58.0,22.24,2.85,True
2022-02-04,AAPL,BUY,63.0,63.0,19.5,-7.59,False
2022-02-04,MSFT,HOLD,55.0,55.0,14.38,-8.65,
2022-02-04,NVDA,BUY,50.0,50.0,28.5,-12.19,False
2022-02-04,GOOGL,BUY,63.0,63.0,14.12,-11.8,False
2022-02-04,AMZN,STRONG SELL,24.0,24.0,-5.34,-12.81,True
2022-02-04,META,STRONG SELL,32.0,32.0,-5.02,-20.93,True
2022-02-04,TSLA,BUY,50.0,50.0,21.02,-12.86,False
2022-02-11,AAPL,BUY,55.0,55.0,17.73,-10.69,False
2022-02-11,MSFT,HOLD,47.0,47.0,9.93,-6.11,
2022-02-11,NVDA,BUY,50.0,50.0,27.64,-10.92,False
2022-02-11,GOOGL,HOLD,57.0,57.0,9.81,-6.2,
2022-02-11,AMZN,STRONG SELL,24.0,24.0,-5.7,-7.46,True
2022-02-11,META,STRONG SELL,32.0,32.0,-6.88,-14.99,True
2022-02-11,TSLA,BUY,50.0,50.0,19.84,-10.89,False
2022-02-18,AAPL,BUY,65.0,65.0,20.57,-1.15,False
2022-02-18,MSFT,HOLD,47.0,47.0,8.62,3.9,
2022-02-18,NVDA,BUY,50.0,50.0,26.63,13.1,True
2022-02-18,GOOGL,HOLD,57.0,57.0,8.8,4.37,
2022-02-18,AMZN,STRONG SELL,24.0,24.0,-6.43,5.83,False
2022-02-18,META,STRONG SELL,32.0,32.0,-8.76,2.59,False
2022-02-18,TSLA,BUY,50.0,50.0,18.21,7.49,True
2022-02-28,AAPL,HOLD,55.0,55.0,14.48,6.35,
2022-02-28,MSFT,HOLD,55.0,55.0,8.77,3.99,
2022-02-28,NVDA,BUY,60.0,60.0,26.02,15.74,True
2022-02-28,GOOGL,HOLD,47.0,47.0,5.29,4.74,
2022-02-28,AMZN,STRONG SELL,34.0,34.0,-6.62,10.05,False
2022-02-28,META,STRONG SELL,24.0,24.0,-14.72,5.95,False
2022-02-28,TSLA,HOLD,50.0,50.0,14.81,25.44,
2022-03-07,AAPL,HOLD,55.0,55.0,13.57,12.02,
2022-03-07,MSFT,HOLD,47.0,47.0,3.07,12.93,
2022-03-07,NVDA,SELL,42.0,42.0,14.62,28.14,False
2022-03-07,GOOGL,HOLD,47.0,47.0,2.17,13.13,
2022-03-07,AMZN,STRONG SELL,32.0,32.0,-9.75,22.48,False
2022-03-07,META,STRONG SELL,32.0,32.0,-14.19,24.76,False
2022-03-07,TSLA,SELL,42.0,42.0,3.94,42.37,False
2022-03-14,AAPL,HOLD,47.0,47.0,9.32,10.05,
2022-03-14,MSFT,HOLD,47.0,47.0,0.86,3.19,
2022-03-14,NVDA,SELL,42.0,42.0,9.99,2.75,False
2022-03-14,GOOGL,STRONG SELL,29.0,29.0,-2.41,2.28,False
2022-03-14,AMZN,STRONG SELL,24.0,24.0,-11.49,6.53,False
2022-03-14,META,STRONG SELL,24.0,24.0,1.32,15.98,False
2022-03-14,TSLA,SELL,42.0,42.0,-1.76,27.34,False
2022-03-21,AAPL,HOLD,55.0,55.0,14.34,1.22,
2022-03-21,MSFT,SELL,37.0,37.0,-0.13,-4.63,True
2022-03-21,NVDA,BUY,68.0,68.0,11.97,-16.97,False
2022-03-21,GOOGL,SELL,37.0,37.0,0.1,-4.48,True
2022-03-21,AMZN,HOLD,47.0,47.0,-5.82,-2.09,
2022-03-21,META,STRONG SELL,24.0,24.0,-22.12,2.75,False
2022-03-21,TSLA,BUY,68.0,68.0,8.51,11.61,True
2022-03-28,AAPL,BUY,65.0,65.0,16.33,-10.71,False
2022-03-28,MSFT,HOLD,47.0,47.0,1.04,-13.03,
2022-03-28,NVDA,BUY,60.0,60.0,11.08,-33.42,False
2022-03-28,GOOGL,HOLD,47.0,47.0,1.83,-16.12,
2022-03-28,AMZN,HOLD,47.0,47.0,-5.63,-17.52,
2022-03-28,META,STRONG SELL,31.0,31.0,-23.62,-19.07,True
2022-03-28,TSLA,BUY,60.0,60.0,9.16,-19.73,False
2022-04-04,AAPL,BUY,65.0,65.0,13.83,-10.63,False
2022-04-04,MSFT,HOLD,47.0,47.0,1.22,-10.54,
2022-04-04,NVDA,BUY,68.0,68.0,6.95,-28.36,False
2022-04-04,GOOGL,HOLD,47.0,47.0,2.35,-17.93,
2022-04-04,AMZN,HOLD,47.0,47.0,-6.32,-26.19,
2022-04-04,META,SELL,39.0,39.0,-23.31,-9.35,True
2022-04-04,TSLA,BUY,60.0,60.0,9.63,-20.62,False
2022-04-11,AAPL,BUY,65.0,65.0,11.29,-6.64,False
2022-04-11,MSFT,SELL,39.0,39.0,-1.45,-5.52,True
2022-04-11,NVDA,HOLD,52.0,52.0,2.8,-19.72,
2022-04-11,GOOGL,SELL,39.0,39.0,-0.98,-11.2,True
2022-04-11,AMZN,SELL,39.0,39.0,-9.11,-27.97,True
2022-04-11,META,SELL,39.0,39.0,-23.31,-8.69,True
2022-04-11,TSLA,BUY,68.0,68.0,9.92,-18.02,False
2022-04-19,AAPL,BUY,65.0,65.0,8.26,-10.72,False
2022-04-19,MSFT,SELL,37.0,37.0,-2.85,-6.48,True
2022-04-19,NVDA,HOLD,50.0,50.0,2.98,-18.11,
2022-04-19,GOOGL,SELL,37.0,37.0,-3.27,-10.41,True
2022-04-19,AMZN,HOLD,47.0,47.0,-7.3,-27.04,
2022-04-19,META,HOLD,47.0,47.0,-25.95,-6.76,
2022-04-19,TSLA,BUY,68.0,68.0,15.05,-25.92,False
2022-04-26,AAPL,HOLD,55.0,55.0,5.41,-10.35,
2022-04-26,MSFT,SELL,37.0,37.0,-3.23,-3.7,True
2022-04-26,NVDA,STRONG SELL,32.0,32.0,0.67,-14.02,True
2022-04-26,GOOGL,SELL,37.0,37.0,-4.69,-10.69,True
2022-04-26,AMZN,SELL,37.0,37.0,-11.3,-25.32,True
2022-04-26,META,SELL,37.0,37.0,-13.55,0.18,False
2022-04-26,TSLA,HOLD,50.0,50.0,12.45,-28.33,
2022-05-03,AAPL,HOLD,55.0,55.0,4.34,-6.62,
2022-05-03,MSFT,STRONG SELL,29.0,29.0,-6.05,-3.1,True
2022-05-03,NVDA,STRONG SELL,24.0,24.0,-4.59,-6.54,True
2022-05-03,GOOGL,STRONG SELL,29.0,29.0,-8.08,-2.93,True
2022-05-03,AMZN,STRONG SELL,32.0,32.0,-15.55,-2.07,True
2022-05-03,META,STRONG SELL,32.0,32.0,-33.31,-11.03,True
2022-05-03,TSLA,HOLD,50.0,50.0,6.14,-18.57,
2022-05-10,AAPL,HOLD,47.0,47.0,1.45,-4.24,
2022-05-10,MSFT,STRONG SELL,29.0,29.0,-7.7,0.57,False
2022-05-10,NVDA,STRONG SELL,24.0,24.0,17.68,6.01,False
2022-05-10,GOOGL,STRONG SELL,29.0,29.0,-8.98,2.45,False
2022-05-10,AMZN,STRONG SELL,32.0,32.0,-17.95,11.32,False
2022-05-10,META,STRONG SELL,24.0,24.0,-21.55,-0.51,True
2022-05-10,TSLA,HOLD,50.0,50.0,5.18,-9.3,
2022-05-17,AAPL,HOLD,47.0,47.0,1.45,-9.25,
2022-05-17,MSFT,STRONG SELL,29.0,29.0,-6.23,-5.42,True
2022-05-17,NVDA,STRONG SELL,24.0,24.0,-6.59,-9.06,True
2022-05-17,GOOGL,STRONG SELL,29.0,29.0,-7.74,-5.76,True
2022-05-17,AMZN,STRONG SELL,24.0,24.0,-19.61,-6.67,True
2022-05-17,META,STRONG SELL,24.0,24.0,-38.8,-16.42,True
2022-05-17,TSLA,SELL,42.0,42.0,2.9,-8.22,True
2022-05-24,AAPL,HOLD,55.0,55.0,1.01,-1.49,
2022-05-24,MSFT,STRONG SELL,29.0,29.0,-7.28,-0.29,True
2022-05-24,NVDA,STRONG SELL,24.0,24.0,14.23,0.46,False
2022-05-24,GOOGL,SELL,37.0,37.0,-9.74,5.92,False
2022-05-24,AMZN,STRONG SELL,32.0,32.0,-21.54,8.01,False
2022-05-24,META,STRONG SELL,32.0,32.0,-24.81,-12.43,True
2022-05-24,TSLA,BUY,50.0,50.0,28.7,12.27,True
2022-06-01,AAPL,HOLD,47.0,47.0,2.35,-8.06,
2022-06-01,MSFT,STRONG SELL,29.0,29.0,-5.34,-5.72,True
2022-06-01,NVDA,STRONG SELL,24.0,24.0,-6.17,-17.24,True
2022-06-01,GOOGL,STRONG SELL,29.0,29.0,-8.76,-4.33,True
2022-06-01,AMZN,STRONG SELL,24.0,24.0,-17.42,-12.72,True
2022-06-01,META,STRONG SELL,34.0,34.0,-40.87,-14.52,True
2022-06-01,TSLA,STRONG SELL,24.0,24.0,-0.92,-9.04,True
2022-06-08,AAPL,STRONG SELL,29.0,29.0,-5.57,-0.62,True
2022-06-08,MSFT,STRONG SELL,21.0,21.0,-9.97,-1.02,True
2022-06-08,NVDA,STRONG SELL,34.0,34.0,-7.62,-15.07,True
2022-06-08,GOOGL,SELL,39.0,39.0,-8.64,1.84,False
2022-06-08,AMZN,STRONG SELL,26.0,26.0,-19.63,-4.65,True
2022-06-08,META,STRONG SELL,24.0,24.0,-27.26,-13.1,True
2022-06-08,TSLA,STRONG SELL,24.0,24.0,-3.07,3.68,False
2022-06-15,AAPL,STRONG SELL,29.0,29.0,-7.24,10.88,False
2022-06-15,MSFT,STRONG SELL,29.0,29.0,-9.63,1.97,False
2022-06-15,NVDA,STRONG SELL,24.0,24.0,-13.1,-4.63,True
2022-06-15,GOOGL,STRONG SELL,29.0,29.0,-14.11,1.83,False
2022-06-15,AMZN,STRONG SELL,34.0,34.0,-24.37,5.46,False
2022-06-15,META,STRONG SELL,24.0,24.0,-19.84,-2.75,True
2022-06-15,TSLA,STRONG SELL,24.0,24.0,-4.12,3.03,False
2022-06-23,AAPL,STRONG SELL,29.0,29.0,-7.45,11.44,False
2022-06-23,MSFT,STRONG SELL,29.0,29.0,-9.31,0.58,False
2022-06-23,NVDA,STRONG SELL,32.0,32.0,-13.58,6.74,False
2022-06-23,GOOGL,STRONG SELL,29.0,29.0,-13.79,-3.87,True
2022-06-23,AMZN,STRONG SELL,24.0,24.0,-25.69,8.88,False
2022-06-23,META,STRONG SELL,32.0,32.0,-19.92,6.63,False
2022-06-23,TSLA,STRONG SELL,24.0,24.0,-4.72,15.81,False
2022-06-30,AAPL,STRONG SELL,29.0,29.0,-7.47,18.86,False
2022-06-30,MSFT,STRONG SELL,29.0,29.0,-9.38,9.31,False
2022-06-30,NVDA,STRONG SELL,24.0,24.0,-16.69,19.82,False
2022-06-30,GOOGL,STRONG SELL,29.0,29.0,-13.74,6.75,False
2022-06-30,AMZN,STRONG SELL,24.0,24.0,-27.05,27.06,False
2022-06-30,META,STRONG SELL,24.0,24.0,-17.17,-1.33,True
2022-06-30,TSLA,STRONG SELL,34.0,34.0,-2.39,32.38,False
2022-07-08,AAPL,STRONG SELL,29.0,29.0,-6.47,12.61,False
2022-07-08,MSFT,STRONG SELL,29.0,29.0,-10.11,5.7,False
2022-07-08,NVDA,STRONG SELL,24.0,24.0,-18.8,19.9,False
2022-07-08,GOOGL,SELL,39.0,39.0,-11.8,-1.58,True
2022-07-08,AMZN,STRONG SELL,32.0,32.0,-24.68,21.86,False
2022-07-08,META,STRONG SELL,24.0,24.0,-14.69,-2.21,True
2022-07-08,TSLA,STRONG SELL,34.0,34.0,-4.59,14.92,False
2022-07-15,AAPL,HOLD,47.0,47.0,-1.24,14.76,
2022-07-15,MSFT,STRONG SELL,29.0,29.0,-9.03,13.71,False
2022-07-15,NVDA,STRONG SELL,24.0,24.0,-18.35,18.7,False
2022-07-15,GOOGL,STRONG SELL,29.0,29.0,-13.97,8.86,False
2022-07-15,AMZN,SELL,37.0,37.0,-20.93,26.42,False
2022-07-15,META,STRONG SELL,24.0,24.0,-13.17,9.59,False
2022-07-15,TSLA,STRONG SELL,24.0,24.0,-7.02,24.98,False
2022-07-22,AAPL,SELL,39.0,39.0,-1.74,11.47,False
2022-07-22,MSFT,HOLD,47.0,47.0,-7.78,10.14,
2022-07-22,NVDA,STRONG SELL,34.0,34.0,-19.21,3.06,False
2022-07-22,GOOGL,SELL,39.0,39.0,-14.72,8.63,False
2022-07-22,AMZN,SELL,39.0,39.0,-21.83,12.91,False
2022-07-22,META,STRONG SELL,34.0,34.0,-10.37,-0.77,True
2022-07-22,TSLA,STRONG SELL,34.0,34.0,-2.14,8.97,False
2022-07-29,AAPL,HOLD,47.0,47.0,-2.93,0.82,
2022-07-29,MSFT,HOLD,47.0,47.0,-8.69,-4.3,
2022-07-29,NVDA,STRONG SELL,34.0,34.0,-24.95,-10.48,True
2022-07-29,GOOGL,SELL,37.0,37.0,-16.99,-5.14,True
2022-07-29,AMZN,STRONG SELL,34.0,34.0,-24.1,-3.11,True
2022-07-29,META,STRONG SELL,24.0,24.0,-20.94,1.68,False
2022-07-29,TSLA,STRONG SELL,34.0,34.0,-10.6,-3.05,True
2022-08-05,AAPL,HOLD,47.0,47.0,-5.18,-5.77,
2022-08-05,MSFT,SELL,39.0,39.0,-11.87,-9.3,True
2022-08-05,NVDA,STRONG SELL,34.0,34.0,-27.85,-28.13,True
2022-08-05,GOOGL,HOLD,47.0,47.0,-16.21,-8.19,
2022-08-05,AMZN,STRONG SELL,34.0,34.0,-23.73,-9.44,True
2022-08-05,META,STRONG SELL,34.0,34.0,-19.72,-4.06,True
2022-08-05,TSLA,STRONG SELL,34.0,34.0,-15.92,-6.23,True
2022-08-12,AAPL,HOLD,47.0,47.0,-2.91,-5.04,
2022-08-12,MSFT,SELL,39.0,39.0,-10.47,-8.46,True
2022-08-12,NVDA,SELL,42.0,42.0,-25.05,-22.45,True
2022-08-12,GOOGL,SELL,39.0,39.0,-16.28,-8.89,True
2022-08-12,AMZN,SELL,39.0,39.0,-20.86,-4.95,True
2022-08-12,META,SELL,42.0,42.0,-15.22,-6.39,True
2022-08-12,TSLA,SELL,42.0,42.0,-13.93,1.46,False
2022-08-19,AAPL,HOLD,47.0,47.0,-0.65,-9.93,
2022-08-19,MSFT,HOLD,47.0,47.0,-4.95,-14.55,
2022-08-19,NVDA,SELL,42.0,42.0,-20.71,-25.0,True
2022-08-19,GOOGL,HOLD,47.0,47.0,-12.08,-12.06,
2022-08-19,AMZN,HOLD,47.0,47.0,-17.15,-9.82,
2022-08-19,META,STRONG SELL,34.0,34.0,-16.24,-11.87,True
2022-08-19,TSLA,SELL,42.0,42.0,-10.52,4.18,False
2022-08-26,AAPL,HOLD,55.0,55.0,-0.35,-7.85,
2022-08-26,MSFT,SELL,39.0,39.0,-9.54,-11.43,True
2022-08-26,NVDA,STRONG SELL,24.0,24.0,-27.69,-24.77,True
2022-08-26,GOOGL,SELL,39.0,39.0,-15.8,-11.03,True
2022-08-26,AMZN,HOLD,47.0,47.0,-20.19,-11.93,
2022-08-26,META,STRONG SELL,34.0,34.0,-14.86,-15.71,True
2022-08-26,TSLA,SELL,42.0,42.0,-11.61,-4.19,True
2022-09-02,AAPL,SELL,37.0,37.0,-2.24,-8.57,True
2022-09-02,MSFT,SELL,37.0,37.0,-11.18,-5.98,True
2022-09-02,NVDA,STRONG SELL,32.0,32.0,-27.86,-8.29,True
2022-09-02,GOOGL,SELL,37.0,37.0,-12.24,-8.54,True
2022-09-02,AMZN,HOLD,45.0,45.0,-16.71,-9.12,
2022-09-02,META,STRONG SELL,29.0,29.0,-9.21,-13.54,True
2022-09-02,TSLA,SELL,37.0,37.0,-10.69,-10.29,True
2022-09-12,AAPL,HOLD,45.0,45.0,-2.23,-14.08,
2022-09-12,MSFT,STRONG SELL,29.0,29.0,-12.89,-14.03,True
2022-09-12,NVDA,STRONG SELL,24.0,24.0,-32.9,-19.54,True
2022-09-12,GOOGL,STRONG SELL,29.0,29.0,-16.11,-11.73,True
2022-09-12,AMZN,SELL,37.0,37.0,-10.6,-16.69,True
2022-09-12,META,SELL,37.0,37.0,-17.44,-20.82,True
2022-09-12,TSLA,HOLD,45.0,45.0,-9.62,-26.76,
2022-09-19,AAPL,STRONG SELL,29.0,29.0,-1.34,-7.81,True
2022-09-19,MSFT,SELL,37.0,37.0,-9.81,-2.86,True
2022-09-19,NVDA,STRONG SELL,32.0,32.0,-29.59,-11.16,True
2022-09-19,GOOGL,STRONG SELL,29.0,29.0,-15.73,-3.01,True
2022-09-19,AMZN,STRONG SELL,29.0,29.0,-6.59,-8.72,True
2022-09-19,META,STRONG SELL,29.0,29.0,-17.12,-9.44,True
2022-09-19,TSLA,HOLD,55.0,55.0,6.93,-29.03,
2022-09-26,AAPL,HOLD,47.0,47.0,3.25,-0.88,
2022-09-26,MSFT,STRONG SELL,29.0,29.0,-11.89,4.13,False
2022-09-26,NVDA,STRONG SELL,24.0,24.0,-21.64,3.03,False
2022-09-26,GOOGL,STRONG SELL,29.0,29.0,-17.29,4.43,False
2022-09-26,AMZN,STRONG SELL,29.0,29.0,-11.42,4.06,False
2022-09-26,META,SELL,37.0,37.0,-20.29,-4.88,True
2022-09-26,TSLA,SELL,39.0,39.0,-0.38,-23.46,True
2022-10-03,AAPL,HOLD,47.0,47.0,0.87,7.64,
2022-10-03,MSFT,STRONG SELL,29.0,29.0,-13.81,-3.58,True
2022-10-03,NVDA,STRONG SELL,24.0,24.0,-20.78,7.87,False
2022-10-03,GOOGL,STRONG SELL,29.0,29.0,-15.58,-4.19,True
2022-10-03,AMZN,STRONG SELL,29.0,29.0,-11.39,-11.6,True
2022-10-03,META,STRONG SELL,29.0,29.0,-18.93,-32.79,True
2022-10-03,TSLA,SELL,37.0,37.0,-3.01,-6.13,True
2022-10-10,AAPL,SELL,37.0,37.0,-5.8,-0.9,True
2022-10-10,MSFT,STRONG SELL,29.0,29.0,-17.84,-0.6,True
2022-10-10,NVDA,STRONG SELL,24.0,24.0,-5.19,22.54,False
2022-10-10,GOOGL,STRONG SELL,29.0,29.0,-20.98,-9.57,True
2022-10-10,AMZN,STRONG SELL,29.0,29.0,-20.2,-20.36,True
2022-10-10,META,STRONG SELL,29.0,29.0,-23.79,-27.71,True
2022-10-10,TSLA,STRONG SELL,32.0,32.0,-16.03,-11.61,True
2022-10-17,AAPL,STRONG SELL,29.0,29.0,-5.1,4.29,False
2022-10-17,MSFT,STRONG SELL,29.0,29.0,-16.12,1.69,False
2022-10-17,NVDA,STRONG SELL,24.0,24.0,-25.38,37.07,False
2022-10-17,GOOGL,STRONG SELL,29.0,29.0,-20.01,-4.27,True
2022-10-17,AMZN,STRONG SELL,29.0,29.0,-17.11,-13.45,True
2022-10-17,META,STRONG SELL,29.0,29.0,-20.46,-14.79,True
2022-10-17,TSLA,STRONG SELL,32.0,32.0,-15.13,-12.95,True
2022-10-24,AAPL,STRONG SELL,29.0,29.0,0.73,-0.8,True
2022-10-24,MSFT,STRONG SELL,29.0,29.0,-11.66,-1.83,True
2022-10-24,NVDA,STRONG SELL,24.0,24.0,-16.56,21.57,False
2022-10-24,GOOGL,STRONG SELL,29.0,29.0,-16.04,-6.75,True
2022-10-24,AMZN,STRONG SELL,29.0,29.0,-9.07,-22.83,True
2022-10-24,META,STRONG SELL,29.0,29.0,-15.8,-15.31,True
2022-10-24,TSLA,STRONG SELL,24.0,24.0,-14.0,-20.53,True
2022-10-31,AAPL,HOLD,47.0,47.0,0.39,-7.78,
2022-10-31,MSFT,STRONG SELL,29.0,29.0,-18.14,3.82,False
2022-10-31,NVDA,SELL,42.0,42.0,-14.61,15.87,False
2022-10-31,GOOGL,STRONG SELL,29.0,29.0,-23.72,0.72,False
2022-10-31,AMZN,STRONG SELL,29.0,29.0,-21.42,-9.78,True
2022-10-31,META,STRONG SELL,32.0,32.0,-3.6,17.5,False
2022-10-31,TSLA,STRONG SELL,24.0,24.0,-18.26,-20.53,True
2022-11-07,AAPL,SELL,39.0,39.0,-4.14,2.87,False
2022-11-07,MSFT,STRONG SELL,29.0,29.0,-17.77,7.87,False
2022-11-07,NVDA,STRONG SELL,34.0,34.0,-4.08,11.82,False
2022-11-07,GOOGL,STRONG SELL,29.0,29.0,-23.23,9.59,False
2022-11-07,AMZN,SELL,37.0,37.0,-22.63,-2.52,True
2022-11-07,META,STRONG SELL,32.0,32.0,-27.43,17.99,False
2022-11-07,TSLA,STRONG SELL,24.0,24.0,-19.43,-8.76,True
2022-11-14,AAPL,HOLD,47.0,47.0,-3.08,-1.9,
2022-11-14,MSFT,SELL,42.0,42.0,-14.49,6.66,False
2022-11-14,NVDA,STRONG SELL,34.0,34.0,1.39,10.93,False
2022-11-14,GOOGL,STRONG SELL,24.0,24.0,-24.42,-0.07,True
2022-11-14,AMZN,STRONG SELL,32.0,32.0,-21.91,-6.09,True
2022-11-14,META,STRONG SELL,24.0,24.0,-22.9,5.19,False
2022-11-14,TSLA,STRONG SELL,24.0,24.0,-22.44,-15.71,True
2022-11-21,AAPL,HOLD,47.0,47.0,-4.2,-10.61,
2022-11-21,MSFT,HOLD,47.0,47.0,-11.43,-0.1,
2022-11-21,NVDA,SELL,42.0,42.0,-4.56,5.04,False
2022-11-21,GOOGL,STRONG SELL,29.0,29.0,-21.28,-6.88,True
2022-11-21,AMZN,STRONG SELL,24.0,24.0,-26.25,-7.86,True
2022-11-21,META,STRONG SELL,24.0,24.0,-25.53,6.58,False
2022-11-21,TSLA,STRONG SELL,32.0,32.0,-26.29,-17.91,True
2022-11-29,AAPL,SELL,39.0,39.0,-9.34,-10.72,True
2022-11-29,MSFT,HOLD,47.0,47.0,-12.3,-2.41,
2022-11-29,NVDA,SELL,42.0,42.0,-6.59,-10.23,True
2022-11-29,GOOGL,SELL,39.0,39.0,-19.3,-9.63,True
2022-11-29,AMZN,STRONG SELL,24.0,24.0,-28.85,-11.47,True
2022-11-29,META,STRONG SELL,24.0,24.0,-25.53,5.63,False
2022-11-29,TSLA,STRONG SELL,24.0,24.0,-30.04,-37.67,True
2022-12-06,AAPL,STRONG SELL,29.0,29.0,-13.36,-12.52,True
2022-12-06,MSFT,HOLD,47.0,47.0,-14.57,-9.31,
2022-12-06,NVDA,SELL,42.0,42.0,-9.77,-10.77,True
2022-12-06,GOOGL,SELL,42.0,42.0,-21.0,-11.12,True
2022-12-06,AMZN,STRONG SELL,32.0,32.0,-33.04,-5.81,True
2022-12-06,META,STRONG SELL,34.0,34.0,-20.53,11.23,False
2022-12-06,TSLA,STRONG SELL,24.0,24.0,-33.78,-38.64,True
2022-12-13,AAPL,SELL,37.0,37.0,-12.37,-8.29,True
2022-12-13,MSFT,HOLD,47.0,47.0,-12.97,-7.17,
2022-12-13,NVDA,HOLD,50.0,50.0,1.03,-8.64,
2022-12-13,GOOGL,SELL,39.0,39.0,-22.81,-4.71,True
2022-12-13,AMZN,STRONG SELL,24.0,24.0,-34.19,3.01,False
2022-12-13,META,SELL,42.0,42.0,-19.7,13.78,False
2022-12-13,TSLA,STRONG SELL,24.0,24.0,-17.67,-23.23,True
2022-12-20,AAPL,SELL,37.0,37.0,-16.83,4.21,False
2022-12-20,MSFT,HOLD,47.0,47.0,-16.6,-0.65,
2022-12-20,NVDA,SELL,42.0,42.0,-11.07,10.9,False
2022-12-20,GOOGL,SELL,37.0,37.0,-26.95,10.11,False
2022-12-20,AMZN,SELL,37.0,37.0,-19.23,14.16,False
2022-12-20,META,SELL,42.0,42.0,-23.29,19.03,False
2022-12-20,TSLA,STRONG SELL,32.0,32.0,-17.4,-3.18,True
2022-12-28,AAPL,SELL,37.0,37.0,-16.81,15.78,False
2022-12-28,MSFT,STRONG SELL,29.0,29.0,-18.04,5.81,False
2022-12-28,NVDA,STRONG SELL,24.0,24.0,-15.63,45.09,False
2022-12-28,GOOGL,SELL,37.0,37.0,-25.67,15.52,False
2022-12-28,AMZN,STRONG SELL,29.0,29.0,-35.96,24.96,False
2022-12-28,META,HOLD,47.0,47.0,-18.67,31.24,
2022-12-28,TSLA,STRONG SELL,32.0,32.0,-18.63,57.84,False
2023-01-05,AAPL,SELL,37.0,37.0,-15.82,23.58,False
2023-01-05,MSFT,SELL,37.0,37.0,-15.93,16.21,False
2023-01-05,NVDA,STRONG SELL,32.0,32.0,-9.41,47.91,False
2023-01-05,GOOGL,SELL,37.0,37.0,-24.09,21.55,False
2023-01-05,AMZN,STRONG SELL,29.0,29.0,-35.14,24.39,False
2023-01-05,META,HOLD,47.0,47.0,-13.18,46.94,
2023-01-05,TSLA,STRONG SELL,32.0,32.0,-21.08,72.18,False
2023-01-12,AAPL,STRONG SELL,29.0,29.0,-14.21,13.37,False
2023-01-12,MSFT,STRONG SELL,29.0,29.0,-13.23,10.31,False
2023-01-12,NVDA,STRONG SELL,32.0,32.0,10.1,28.79,False
2023-01-12,GOOGL,STRONG SELL,29.0,29.0,-22.85,3.77,False
2023-01-12,AMZN,HOLD,47.0,47.0,-27.83,2.46,
2023-01-12,META,SELL,39.0,39.0,-10.62,27.39,False
2023-01-12,TSLA,STRONG SELL,24.0,24.0,-25.44,59.35,False
2023-01-20,AAPL,STRONG SELL,29.0,29.0,-13.21,10.82,False
2023-01-20,MSFT,STRONG SELL,29.0,29.0,-12.68,7.7,False
2023-01-20,NVDA,SELL,42.0,42.0,-2.36,19.89,False
2023-01-20,GOOGL,SELL,39.0,39.0,-17.53,-3.74,True
2023-01-20,AMZN,SELL,39.0,39.0,-28.4,-0.05,True
2023-01-20,META,SELL,39.0,39.0,-7.69,24.04,False
2023-01-20,TSLA,STRONG SELL,24.0,24.0,-27.43,56.13,False
2023-01-27,AAPL,SELL,39.0,39.0,-10.64,1.52,False
2023-01-27,MSFT,SELL,39.0,39.0,-7.75,1.06,False
2023-01-27,NVDA,BUY,60.0,60.0,11.77,15.4,True
2023-01-27,GOOGL,SELL,39.0,39.0,-15.52,-9.56,True
2023-01-27,AMZN,SELL,39.0,39.0,-25.46,-8.29,True
2023-01-27,META,SELL,39.0,39.0,0.16,11.73,False
2023-01-27,TSLA,STRONG SELL,34.0,34.0,-3.2,16.71,False
2023-02-03,AAPL,HOLD,47.0,47.0,-5.35,-0.28,
2023-02-03,MSFT,HOLD,55.0,55.0,-1.35,-0.32,
2023-02-03,NVDA,BUY,60.0,60.0,20.93,11.63,True
2023-02-03,GOOGL,HOLD,47.0,47.0,-9.52,-9.21,
2023-02-03,AMZN,HOLD,47.0,47.0,-20.8,-9.32,
2023-02-03,META,SELL,42.0,42.0,22.25,-0.87,True
2023-02-03,TSLA,STRONG SELL,34.0,34.0,-23.08,2.02,False
2023-02-10,AAPL,HOLD,55.0,55.0,-2.18,-0.36,
2023-02-10,MSFT,HOLD,55.0,55.0,-2.86,-3.25,
2023-02-10,NVDA,BUY,68.0,68.0,20.27,8.02,True
2023-02-10,GOOGL,HOLD,47.0,47.0,-15.33,-3.66,
2023-02-10,AMZN,HOLD,47.0,47.0,-25.07,-5.31,
2023-02-10,META,HOLD,50.0,50.0,-6.93,3.88,
2023-02-10,TSLA,STRONG SELL,34.0,34.0,-15.95,-11.38,True
2023-02-17,AAPL,HOLD,55.0,55.0,1.39,3.18,
2023-02-17,MSFT,HOLD,55.0,55.0,2.49,5.49,
2023-02-17,NVDA,BUY,68.0,68.0,34.23,21.12,True
2023-02-17,GOOGL,HOLD,47.0,47.0,-13.02,7.28,
2023-02-17,AMZN,HOLD,47.0,47.0,-21.66,0.52,
2023-02-17,META,HOLD,50.0,50.0,-0.4,14.42,
2023-02-17,TSLA,STRONG SELL,34.0,34.0,-5.49,-12.03,True
2023-02-27,AAPL,HOLD,55.0,55.0,-1.37,7.0,
2023-02-27,MSFT,HOLD,47.0,47.0,-3.29,10.48,
2023-02-27,NVDA,BUY,68.0,68.0,41.28,12.91,True
2023-02-27,GOOGL,SELL,37.0,37.0,-18.23,14.01,False
2023-02-27,AMZN,SELL,37.0,37.0,-25.86,4.56,False
2023-02-27,META,HOLD,58.0,58.0,-1.22,19.64,
2023-02-27,TSLA,SELL,42.0,42.0,-5.11,-7.62,True
2023-03-06,AAPL,HOLD,55.0,55.0,-2.71,8.02,
2023-03-06,MSFT,HOLD,45.0,45.0,-4.92,11.82,
2023-03-06,NVDA,BUY,68.0,68.0,33.4,18.75,True
2023-03-06,GOOGL,SELL,37.0,37.0,-17.61,9.7,False
2023-03-06,AMZN,STRONG SELL,29.0,29.0,-28.27,9.24,False
2023-03-06,META,BUY,68.0,68.0,5.14,15.24,True
2023-03-06,TSLA,SELL,42.0,42.0,-9.51,0.5,False
2023-03-13,AAPL,HOLD,45.0,45.0,-4.62,6.87,
2023-03-13,MSFT,HOLD,45.0,45.0,-0.16,11.39,
2023-03-13,NVDA,BUY,68.0,68.0,31.17,18.3,True
2023-03-13,GOOGL,STRONG SELL,29.0,29.0,-13.82,15.63,False
2023-03-13,AMZN,STRONG SELL,29.0,29.0,-19.8,8.1,False
2023-03-13,META,BUY,58.0,58.0,32.48,18.21,True
2023-03-13,TSLA,STRONG SELL,32.0,32.0,-17.7,7.06,False
2023-03-20,AAPL,HOLD,55.0,55.0,3.29,5.76,
2023-03-20,MSFT,BUY,73.0,73.0,8.99,5.93,True
2023-03-20,NVDA,BUY,68.0,68.0,35.67,6.82,True
2023-03-20,GOOGL,SELL,39.0,39.0,-6.1,3.24,False
2023-03-20,AMZN,HOLD,47.0,47.0,-10.19,4.7,
2023-03-20,META,BUY,65.0,65.0,42.89,10.15,True
2023-03-20,TSLA,STRONG SELL,32.0,32.0,-6.13,0.58,False
2023-03-27,AAPL,BUY,73.0,73.0,3.65,3.47,True
2023-03-27,MSFT,BUY,73.0,73.0,7.06,-0.35,False
2023-03-27,NVDA,BUY,60.0,60.0,26.45,-1.09,False
2023-03-27,GOOGL,HOLD,55.0,55.0,-7.14,1.36,
2023-03-27,AMZN,HOLD,47.0,47.0,-13.95,4.62,
2023-03-27,META,STRONG BUY,73.0,73.0,30.06,2.32,True
2023-03-27,TSLA,STRONG SELL,32.0,32.0,-4.41,-16.23,True
2023-04-03,AAPL,BUY,65.0,65.0,4.75,1.43,True
2023-04-03,MSFT,BUY,65.0,65.0,7.18,6.33,True
2023-04-03,NVDA,BUY,60.0,60.0,35.96,0.88,True
2023-04-03,GOOGL,HOLD,47.0,47.0,-6.1,0.92,
2023-04-03,AMZN,HOLD,47.0,47.0,-7.67,1.19,
2023-04-03,META,STRONG BUY,73.0,73.0,40.97,12.28,True
2023-04-03,TSLA,STRONG SELL,32.0,32.0,-15.67,-17.69,True
2023-04-11,AAPL,BUY,73.0,73.0,6.75,6.82,True
2023-04-11,MSFT,BUY,73.0,73.0,6.77,8.55,True
2023-04-11,NVDA,STRONG BUY,73.0,73.0,35.08,5.16,True
2023-04-11,GOOGL,HOLD,55.0,55.0,-5.21,1.9,
2023-04-11,AMZN,HOLD,47.0,47.0,-9.39,6.71,
2023-04-11,META,STRONG BUY,73.0,73.0,37.71,9.13,True
2023-04-11,TSLA,STRONG SELL,34.0,34.0,-22.99,-9.44,True
2023-04-18,AAPL,STRONG BUY,76.0,76.0,12.47,3.51,True
2023-04-18,MSFT,STRONG BUY,73.0,73.0,10.95,8.1,True
2023-04-18,NVDA,STRONG BUY,73.0,73.0,42.38,5.59,True
2023-04-18,GOOGL,HOLD,55.0,55.0,-1.35,14.36,
2023-04-18,AMZN,HOLD,47.0,47.0,-2.58,10.85,
2023-04-18,META,BUY,65.0,65.0,42.55,9.61,True
2023-04-18,TSLA,SELL,39.0,39.0,-16.3,-9.65,True
2023-04-25,AAPL,STRONG BUY,76.0,76.0,11.53,4.9,True
2023-04-25,MSFT,BUY,73.0,73.0,6.73,14.72,True
2023-04-25,NVDA,STRONG BUY,73.0,73.0,33.26,16.95,True
2023-04-25,GOOGL,HOLD,55.0,55.0,-0.94,18.02,
2023-04-25,AMZN,HOLD,47.0,47.0,-3.28,12.11,
2023-04-25,META,STRONG BUY,73.0,73.0,36.35,18.88,True
2023-04-25,TSLA,STRONG SELL,32.0,32.0,-17.91,15.62,False
2023-05-02,AAPL,BUY,68.0,68.0,15.15,5.31,True
2023-05-02,MSFT,STRONG BUY,73.0,73.0,15.09,7.76,True
2023-05-02,NVDA,STRONG BUY,73.0,73.0,44.89,34.12,True
2023-05-02,GOOGL,HOLD,55.0,55.0,3.64,16.66,
2023-05-02,AMZN,HOLD,47.0,47.0,1.1,16.36,
2023-05-02,META,BUY,65.0,65.0,48.82,10.65,True
2023-05-02,TSLA,STRONG SELL,24.0,24.0,-12.41,27.21,False
2023-05-09,AAPL,STRONG BUY,73.0,73.0,20.81,3.67,True
2023-05-09,MSFT,STRONG BUY,73.0,73.0,17.18,5.57,True
2023-05-09,NVDA,STRONG BUY,73.0,73.0,59.1,31.18,True
2023-05-09,GOOGL,BUY,73.0,73.0,9.62,14.11,True
2023-05-09,AMZN,HOLD,55.0,55.0,6.34,13.7,
2023-05-09,META,STRONG BUY,73.0,73.0,50.52,12.95,True
2023-05-09,TSLA,STRONG SELL,24.0,24.0,-1.61,32.76,False
2023-05-16,AAPL,STRONG BUY,73.0,73.0,21.48,6.9,True
2023-05-16,MSFT,BUY,65.0,65.0,21.6,8.45,True
2023-05-16,NVDA,STRONG BUY,73.0,73.0,60.34,47.2,True
2023-05-16,GOOGL,BUY,65.0,65.0,15.18,3.48,True
2023-05-16,AMZN,HOLD,55.0,55.0,8.35,11.48,
2023-05-16,META,BUY,65.0,65.0,44.17,14.46,True
2023-05-16,TSLA,STRONG SELL,29.0,29.0,3.27,54.21,False
2023-05-23,AAPL,STRONG BUY,73.0,73.0,19.09,9.0,True
2023-05-23,MSFT,STRONG BUY,73.0,73.0,20.55,7.76,True
2023-05-23,NVDA,STRONG BUY,73.0,73.0,52.73,40.22,True
2023-05-23,GOOGL,BUY,65.0,65.0,13.79,0.48,True
2023-05-23,AMZN,HOLD,47.0,47.0,-0.42,13.18,
2023-05-23,META,STRONG BUY,73.0,73.0,45.77,15.46,True
2023-05-23,TSLA,SELL,39.0,39.0,7.01,42.44,False
2023-05-31,AAPL,STRONG BUY,76.0,76.0,18.61,6.96,True
2023-05-31,MSFT,STRONG BUY,73.0,73.0,22.51,2.03,True
2023-05-31,NVDA,BUY,60.0,60.0,53.77,7.91,True
2023-05-31,GOOGL,BUY,65.0,65.0,9.46,-3.07,False
2023-05-31,AMZN,BUY,73.0,73.0,8.0,6.07,True
2023-05-31,META,BUY,65.0,65.0,46.34,6.35,True
2023-05-31,TSLA,HOLD,47.0,47.0,3.46,26.27,
2023-06-07,AAPL,STRONG BUY,76.0,76.0,18.46,7.23,True
2023-06-07,MSFT,STRONG BUY,73.0,73.0,22.69,4.28,True
2023-06-07,NVDA,BUY,68.0,68.0,57.69,13.42,True
2023-06-07,GOOGL,STRONG BUY,73.0,73.0,13.93,-2.47,False
2023-06-07,AMZN,BUY,73.0,73.0,7.28,7.05,True
2023-06-07,META,BUY,65.0,65.0,45.53,10.22,True
2023-06-07,TSLA,HOLD,47.0,47.0,0.26,22.2,
2023-06-14,AAPL,BUY,68.0,68.0,14.81,3.66,True
2023-06-14,MSFT,BUY,65.0,65.0,19.78,2.34,True
2023-06-14,NVDA,BUY,60.0,60.0,58.03,5.75,True
2023-06-14,GOOGL,STRONG BUY,73.0,73.0,11.45,1.42,True
2023-06-14,AMZN,BUY,73.0,73.0,9.15,6.53,True
2023-06-14,META,BUY,65.0,65.0,29.79,12.99,True
2023-06-14,TSLA,HOLD,47.0,47.0,-0.72,9.58,
2023-06-22,AAPL,STRONG BUY,76.0,76.0,16.66,2.64,True
2023-06-22,MSFT,STRONG BUY,73.0,73.0,19.01,1.2,True
2023-06-22,NVDA,BUY,68.0,68.0,59.02,2.98,True
2023-06-22,GOOGL,STRONG BUY,73.0,73.0,17.5,-2.54,False
2023-06-22,AMZN,STRONG BUY,73.0,73.0,12.96,-0.12,False
2023-06-22,META,STRONG BUY,73.0,73.0,38.62,3.29,True
2023-06-22,TSLA,HOLD,47.0,47.0,2.14,-1.73,
2023-06-29,AAPL,BUY,68.0,68.0,18.24,3.29,True
2023-06-29,MSFT,STRONG BUY,73.0,73.0,23.79,0.99,True
2023-06-29,NVDA,BUY,68.0,68.0,62.19,14.52,True
2023-06-29,GOOGL,BUY,63.0,63.0,16.44,11.32,True
2023-06-29,AMZN,STRONG BUY,73.0,73.0,16.25,3.37,True
2023-06-29,META,STRONG BUY,73.0,73.0,42.97,15.61,True
2023-06-29,TSLA,BUY,73.0,73.0,5.78,3.47,True
2023-07-07,AAPL,STRONG BUY,76.0,76.0,21.34,-4.56,False
2023-07-07,MSFT,STRONG BUY,73.0,73.0,25.8,-2.8,False
2023-07-07,NVDA,BUY,68.0,68.0,55.04,5.12,True
2023-07-07,GOOGL,BUY,63.0,63.0,18.61,7.22,True
2023-07-07,AMZN,STRONG BUY,73.0,73.0,18.05,7.54,True
2023-07-07,META,STRONG BUY,73.0,73.0,44.99,6.95,True
2023-07-07,TSLA,BUY,73.0,73.0,8.11,-7.5,False
2023-07-14,AAPL,STRONG BUY,76.0,76.0,19.99,-6.64,False
2023-07-14,MSFT,STRONG BUY,73.0,73.0,26.33,-7.02,False
2023-07-14,NVDA,STRONG BUY,73.0,73.0,62.49,-10.15,False
2023-07-14,GOOGL,BUY,63.0,63.0,18.98,3.3,True
2023-07-14,AMZN,STRONG BUY,73.0,73.0,21.52,2.77,True
2023-07-14,META,STRONG BUY,73.0,73.0,45.7,-2.34,False
2023-07-14,TSLA,STRONG BUY,73.0,73.0,17.8,-13.76,False
2023-07-21,AAPL,STRONG BUY,76.0,76.0,20.51,-8.97,False
2023-07-21,MSFT,STRONG BUY,73.0,73.0,25.13,-7.74,False
2023-07-21,NVDA,STRONG BUY,73.0,73.0,59.2,-2.28,False
2023-07-21,GOOGL,BUY,55.0,55.0,15.78,6.2,True
2023-07-21,AMZN,STRONG BUY,73.0,73.0,19.28,2.48,True
2023-07-21,META,STRONG BUY,73.0,73.0,40.48,-3.74,False
2023-07-21,TSLA,BUY,68.0,68.0,14.59,-17.13,False
2023-07-28,AAPL,BUY,68.0,68.0,17.44,-8.67,False
2023-07-28,MSFT,STRONG BUY,73.0,73.0,21.91,-4.35,False
2023-07-28,NVDA,STRONG BUY,73.0,73.0,56.18,-1.57,False
2023-07-28,GOOGL,BUY,65.0,65.0,16.14,-2.04,False
2023-07-28,AMZN,STRONG BUY,73.0,73.0,16.94,0.79,True
2023-07-28,META,STRONG BUY,73.0,73.0,43.93,-12.28,False
2023-07-28,TSLA,BUY,68.0,68.0,12.18,-10.45,False
2023-08-04,AAPL,STRONG BUY,76.0,76.0,17.83,4.25,True
2023-08-04,MSFT,BUY,55.0,55.0,16.97,0.48,True
2023-08-04,NVDA,STRONG BUY,73.0,73.0,54.41,8.57,True
2023-08-04,GOOGL,STRONG BUY,73.0,73.0,19.96,5.89,True
2023-08-04,AMZN,STRONG BUY,73.0,73.0,23.6,-1.04,False
2023-08-04,META,STRONG BUY,73.0,73.0,43.53,-4.62,False
2023-08-04,TSLA,HOLD,58.0,58.0,12.01,-3.49,
2023-08-11,AAPL,BUY,66.0,66.0,12.6,0.88,True
2023-08-11,MSFT,HOLD,55.0,55.0,14.51,5.5,
2023-08-11,NVDA,BUY,55.0,55.0,43.32,10.59,True
2023-08-11,GOOGL,STRONG BUY,73.0,73.0,19.21,5.68,True
2023-08-11,AMZN,STRONG BUY,73.0,73.0,19.92,3.39,True
2023-08-11,META,STRONG BUY,73.0,73.0,38.42,1.96,True
2023-08-11,TSLA,HOLD,55.0,55.0,9.46,12.75,
2023-08-18,AAPL,BUY,66.0,66.0,14.58,1.99,True
2023-08-18,MSFT,BUY,63.0,63.0,17.42,3.97,True
2023-08-18,NVDA,BUY,55.0,55.0,49.86,1.55,True
2023-08-18,GOOGL,STRONG BUY,73.0,73.0,19.76,8.43,True
2023-08-18,AMZN,STRONG BUY,73.0,73.0,23.86,5.07,True
2023-08-18,META,BUY,63.0,63.0,35.09,6.81,True
2023-08-18,TSLA,BUY,63.0,63.0,11.43,23.11,True
2023-08-25,AAPL,HOLD,55.0,55.0,10.88,-1.42,
2023-08-25,MSFT,BUY,55.0,55.0,15.8,-1.68,False
2023-08-25,NVDA,STRONG BUY,73.0,73.0,55.01,-8.24,False
2023-08-25,GOOGL,STRONG BUY,73.0,73.0,21.82,0.95,True
2023-08-25,AMZN,STRONG BUY,73.0,73.0,20.85,-1.49,False
2023-08-25,META,BUY,63.0,63.0,35.85,5.37,True
2023-08-25,TSLA,BUY,55.0,55.0,15.86,3.52,True
2023-09-01,AAPL,BUY,63.0,63.0,16.39,-8.29,False
2023-09-01,MSFT,BUY,55.0,55.0,15.46,-2.09,False
2023-09-01,NVDA,STRONG BUY,73.0,73.0,62.31,-7.68,False
2023-09-01,GOOGL,STRONG BUY,73.0,73.0,24.93,-1.1,False
2023-09-01,AMZN,STRONG BUY,73.0,73.0,23.31,-6.27,False
2023-09-01,META,BUY,55.0,55.0,38.0,3.52,True
2023-09-01,TSLA,BUY,55.0,55.0,30.81,2.69,True
2023-09-11,AAPL,BUY,65.0,65.0,14.28,-0.21,False
2023-09-11,MSFT,BUY,68.0,68.0,17.94,-2.4,False
2023-09-11,NVDA,BUY,65.0,65.0,54.42,0.21,True
2023-09-11,GOOGL,BUY,68.0,68.0,23.94,1.1,True
2023-09-11,AMZN,BUY,63.0,63.0,24.7,-10.37,False
2023-09-11,META,BUY,63.0,63.0,33.77,3.51,True
2023-09-11,TSLA,BUY,60.0,60.0,37.14,-5.08,False
2023-09-18,AAPL,BUY,65.0,65.0,12.41,0.42,True
2023-09-18,MSFT,BUY,68.0,68.0,16.2,1.09,True
2023-09-18,NVDA,BUY,65.0,65.0,50.85,4.84,True
2023-09-18,GOOGL,BUY,68.0,68.0,21.36,0.64,True
2023-09-18,AMZN,STRONG BUY,73.0,73.0,23.3,-5.31,False
2023-09-18,META,STRONG BUY,73.0,73.0,37.96,6.15,True
2023-09-18,TSLA,BUY,68.0,68.0,35.35,-4.28,False
2023-09-25,AAPL,BUY,63.0,63.0,12.1,-1.75,False
2023-09-25,MSFT,BUY,68.0,68.0,15.06,3.71,True
2023-09-25,NVDA,BUY,63.0,63.0,45.94,1.78,True
2023-09-25,GOOGL,STRONG BUY,73.0,73.0,16.63,4.11,True
2023-09-25,AMZN,HOLD,55.0,55.0,14.85,-3.59,
2023-09-25,META,BUY,65.0,65.0,33.77,4.38,True
2023-09-25,TSLA,BUY,60.0,60.0,29.13,-14.13,False
2023-10-02,AAPL,HOLD,55.0,55.0,10.3,-1.99,
2023-10-02,MSFT,HOLD,58.0,58.0,13.09,4.82,
2023-10-02,NVDA,BUY,55.0,55.0,44.82,-8.09,False
2023-10-02,GOOGL,BUY,63.0,63.0,15.47,-7.24,False
2023-10-02,AMZN,HOLD,55.0,55.0,14.44,2.51,
2023-10-02,META,STRONG BUY,73.0,73.0,35.1,-1.36,False
2023-10-02,TSLA,BUY,68.0,68.0,29.95,-21.56,False
2023-10-09,AAPL,HOLD,55.0,55.0,8.55,0.13,
2023-10-09,MSFT,BUY,63.0,63.0,11.76,8.1,True
2023-10-09,NVDA,BUY,63.0,63.0,30.1,1.06,True
2023-10-09,GOOGL,BUY,63.0,63.0,15.64,-5.9,False
2023-10-09,AMZN,HOLD,55.0,55.0,12.13,8.95,
2023-10-09,META,STRONG BUY,73.0,73.0,30.89,-0.8,False
2023-10-09,TSLA,BUY,58.0,58.0,21.6,-15.56,False
2023-10-16,AAPL,STRONG BUY,73.0,73.0,12.2,3.54,True
2023-10-16,MSFT,HOLD,55.0,55.0,11.31,10.23,
2023-10-16,NVDA,STRONG BUY,73.0,73.0,35.16,5.48,True
2023-10-16,GOOGL,BUY,65.0,65.0,17.55,-5.04,False
2023-10-16,AMZN,HOLD,55.0,55.0,12.95,7.57,
2023-10-16,META,STRONG BUY,73.0,73.0,33.49,2.5,True
2023-10-16,TSLA,BUY,63.0,63.0,15.71,-11.9,False
2023-10-23,AAPL,BUY,68.0,68.0,8.83,10.81,True
2023-10-23,MSFT,STRONG BUY,73.0,73.0,11.54,14.84,True
2023-10-23,NVDA,BUY,65.0,65.0,26.06,17.3,True
2023-10-23,GOOGL,STRONG BUY,73.0,73.0,17.96,-0.18,False
2023-10-23,AMZN,HOLD,55.0,55.0,11.28,15.46,
2023-10-23,META,STRONG BUY,73.0,73.0,29.52,8.27,True
2023-10-23,TSLA,HOLD,55.0,55.0,7.4,11.09,
2023-10-30,AAPL,HOLD,50.0,50.0,4.45,11.96,
2023-10-30,MSFT,STRONG BUY,73.0,73.0,14.01,13.69,True
2023-10-30,NVDA,BUY,55.0,55.0,23.5,16.18,True
2023-10-30,GOOGL,HOLD,55.0,55.0,13.09,10.24,
2023-10-30,AMZN,BUY,63.0,63.0,13.72,10.79,True
2023-10-30,META,BUY,55.0,55.0,23.2,12.0,True
2023-10-30,TSLA,HOLD,55.0,55.0,7.25,25.01,
2023-11-06,AAPL,BUY,66.0,66.0,6.88,8.06,True
2023-11-06,MSFT,STRONG BUY,73.0,73.0,14.53,4.7,True
2023-11-06,NVDA,BUY,63.0,63.0,26.24,1.79,True
2023-11-06,GOOGL,BUY,55.0,55.0,15.21,0.57,True
2023-11-06,AMZN,STRONG BUY,73.0,73.0,17.15,5.11,True
2023-11-06,META,BUY,63.0,63.0,25.88,0.79,True
2023-11-06,TSLA,HOLD,47.0,47.0,5.55,8.87,
2023-11-13,AAPL,STRONG BUY,76.0,76.0,11.01,5.36,True
2023-11-13,MSFT,BUY,65.0,65.0,15.17,2.31,True
2023-11-13,NVDA,STRONG BUY,73.0,73.0,30.13,-1.97,False
2023-11-13,GOOGL,BUY,55.0,55.0,17.11,0.33,True
2023-11-13,AMZN,STRONG BUY,73.0,73.0,19.47,3.43,True
2023-11-13,META,STRONG BUY,73.0,73.0,27.58,1.53,True
2023-11-13,TSLA,HOLD,50.0,50.0,5.12,5.95,
2023-11-20,AAPL,BUY,68.0,68.0,8.95,2.87,True
2023-11-20,MSFT,BUY,65.0,65.0,14.1,-1.11,False
2023-11-20,NVDA,BUY,65.0,65.0,23.61,-1.59,False
2023-11-20,GOOGL,BUY,65.0,65.0,16.65,0.29,True
2023-11-20,AMZN,BUY,65.0,65.0,16.01,5.24,True
2023-11-20,META,BUY,65.0,65.0,23.23,3.06,True
2023-11-20,TSLA,HOLD,52.0,52.0,3.18,9.18,
2023-11-28,AAPL,BUY,68.0,68.0,9.35,1.44,True
2023-11-28,MSFT,BUY,65.0,65.0,14.97,-2.26,False
2023-11-28,NVDA,STRONG BUY,73.0,73.0,26.97,3.35,True
2023-11-28,GOOGL,STRONG BUY,73.0,73.0,20.39,2.31,True
2023-11-28,AMZN,STRONG BUY,73.0,73.0,20.5,4.29,True
2023-11-28,META,BUY,65.0,65.0,26.81,5.56,True
2023-11-28,TSLA,BUY,68.0,68.0,10.51,5.97,True
2023-12-05,AAPL,STRONG BUY,76.0,76.0,10.56,-5.95,False
2023-12-05,MSFT,STRONG BUY,73.0,73.0,17.81,-1.23,False
2023-12-05,NVDA,STRONG BUY,73.0,73.0,24.0,3.08,True
2023-12-05,GOOGL,BUY,65.0,65.0,12.75,4.12,True
2023-12-05,AMZN,STRONG BUY,73.0,73.0,18.65,-1.57,False
2023-12-05,META,STRONG BUY,73.0,73.0,22.34,9.06,True
2023-12-05,TSLA,STRONG BUY,73.0,73.0,11.63,-0.33,False
2023-12-12,AAPL,STRONG BUY,76.0,76.0,15.98,-4.68,False
2023-12-12,MSFT,STRONG BUY,76.0,76.0,19.89,2.74,True
2023-12-12,NVDA,BUY,63.0,63.0,23.24,15.03,True
2023-12-12,GOOGL,BUY,65.0,65.0,13.49,7.21,True
2023-12-12,AMZN,STRONG BUY,73.0,73.0,15.48,5.22,True
2023-12-12,META,STRONG BUY,73.0,73.0,23.16,10.61,True
2023-12-12,TSLA,STRONG BUY,73.0,73.0,14.54,-4.13,False
2023-12-19,AAPL,STRONG BUY,76.0,76.0,16.14,-2.73,False
2023-12-19,MSFT,BUY,66.0,66.0,18.82,6.81,True
2023-12-19,NVDA,BUY,63.0,63.0,26.03,19.93,True
2023-12-19,GOOGL,BUY,63.0,63.0,13.77,7.12,True
2023-12-19,AMZN,STRONG BUY,73.0,73.0,17.5,1.01,True
2023-12-19,META,STRONG BUY,73.0,73.0,25.89,9.44,True
2023-12-19,TSLA,STRONG BUY,73.0,73.0,18.62,-17.51,False
2023-12-27,AAPL,STRONG BUY,76.0,76.0,16.56,-0.38,False
2023-12-27,MSFT,BUY,66.0,66.0,19.24,7.98,True
2023-12-27,NVDA,STRONG BUY,73.0,73.0,24.14,23.5,True
2023-12-27,GOOGL,BUY,65.0,65.0,16.14,8.42,True
2023-12-27,AMZN,BUY,68.0,68.0,18.92,3.77,True
2023-12-27,META,BUY,65.0,65.0,27.74,10.15,True
2023-12-27,TSLA,STRONG BUY,73.0,73.0,20.75,-29.91,False
2024-01-04,AAPL,BUY,66.0,66.0,10.95,2.17,True
2024-01-04,MSFT,BUY,66.0,66.0,18.38,11.76,True
2024-01-04,NVDA,STRONG BUY,73.0,73.0,23.34,37.84,True
2024-01-04,GOOGL,STRONG BUY,73.0,73.0,15.93,4.39,True
2024-01-04,AMZN,STRONG BUY,76.0,76.0,19.71,18.84,True
2024-01-04,META,STRONG BUY,73.0,73.0,28.48,36.84,True
2024-01-04,TSLA,STRONG BUY,73.0,73.0,15.8,-21.02,False
2024-01-11,AAPL,BUY,66.0,66.0,8.25,1.89,True
2024-01-11,MSFT,BUY,68.0,68.0,18.33,9.34,True
2024-01-11,NVDA,BUY,65.0,65.0,21.97,31.58,True
2024-01-11,GOOGL,STRONG BUY,73.0,73.0,14.85,4.87,True
2024-01-11,AMZN,STRONG BUY,73.0,73.0,19.24,12.42,True
2024-01-11,META,STRONG BUY,73.0,73.0,28.1,26.63,True
2024-01-11,TSLA,HOLD,47.0,47.0,4.82,-14.81,
2024-01-19,AAPL,BUY,66.0,66.0,12.58,-4.71,False
2024-01-19,MSFT,BUY,68.0,68.0,19.97,1.54,True
2024-01-19,NVDA,BUY,65.0,65.0,29.65,22.06,True
2024-01-19,GOOGL,STRONG BUY,73.0,73.0,15.82,-4.0,False
2024-01-19,AMZN,STRONG BUY,73.0,73.0,17.83,9.12,True
2024-01-19,META,STRONG BUY,73.0,73.0,28.96,23.44,True
2024-01-19,TSLA,HOLD,55.0,55.0,2.51,-5.77,
2024-01-26,AAPL,HOLD,58.0,58.0,9.9,-5.73,
2024-01-26,MSFT,BUY,68.0,68.0,21.17,1.08,True
2024-01-26,NVDA,BUY,65.0,65.0,33.2,29.59,True
2024-01-26,GOOGL,BUY,68.0,68.0,14.94,-9.61,False
2024-01-26,AMZN,BUY,68.0,68.0,19.17,9.81,True
2024-01-26,META,BUY,65.0,65.0,27.3,22.36,True
2024-01-26,TSLA,HOLD,55.0,55.0,0.24,8.81,
2024-02-02,AAPL,HOLD,55.0,55.0,10.12,-5.66,
2024-02-02,MSFT,BUY,68.0,68.0,25.47,1.09,True
2024-02-02,NVDA,BUY,65.0,65.0,40.43,28.83,True
2024-02-02,GOOGL,STRONG BUY,73.0,73.0,18.28,-6.34,False
2024-02-02,AMZN,BUY,65.0,65.0,27.49,3.36,True
2024-02-02,META,BUY,60.0,60.0,36.41,5.0,True
2024-02-02,TSLA,SELL,37.0,37.0,-1.73,0.12,False
2024-02-09,AAPL,BUY,65.0,65.0,12.51,-8.53,False
2024-02-09,MSFT,STRONG BUY,76.0,76.0,28.42,-3.63,False
2024-02-09,NVDA,BUY,65.0,65.0,42.98,18.92,True
2024-02-09,GOOGL,STRONG BUY,73.0,73.0,18.11,-7.6,False
2024-02-09,AMZN,BUY,65.0,65.0,29.48,-1.43,False
2024-02-09,META,BUY,60.0,60.0,35.95,3.42,True
2024-02-09,TSLA,STRONG SELL,29.0,29.0,-4.7,-8.16,True
2024-02-16,AAPL,HOLD,58.0,58.0,7.83,-4.71,
2024-02-16,MSFT,STRONG BUY,76.0,76.0,23.95,3.28,True
2024-02-16,NVDA,BUY,65.0,65.0,39.98,21.82,True
2024-02-16,GOOGL,BUY,63.0,63.0,11.89,5.1,True
2024-02-16,AMZN,STRONG BUY,73.0,73.0,28.03,2.93,True
2024-02-16,META,BUY,60.0,60.0,32.11,5.11,True
2024-02-16,TSLA,STRONG SELL,29.0,29.0,-7.79,-13.08,True
2024-02-26,AAPL,HOLD,50.0,50.0,5.92,-5.69,
2024-02-26,MSFT,STRONG BUY,76.0,76.0,23.66,3.76,True
2024-02-26,NVDA,BUY,68.0,68.0,50.47,20.12,True
2024-02-26,GOOGL,HOLD,55.0,55.0,8.8,9.09,
2024-02-26,AMZN,STRONG BUY,73.0,73.0,28.58,2.85,True
2024-02-26,META,BUY,68.0,68.0,35.3,4.42,True
2024-02-26,TSLA,STRONG SELL,24.0,24.0,-8.39,-13.43,True
2024-03-04,AAPL,HOLD,58.0,58.0,7.24,-3.58,
2024-03-04,MSFT,STRONG BUY,76.0,76.0,24.69,1.57,True
2024-03-04,NVDA,BUY,60.0,60.0,55.02,4.95,True
2024-03-04,GOOGL,BUY,63.0,63.0,9.66,15.91,True
2024-03-04,AMZN,STRONG BUY,73.0,73.0,31.18,1.75,True
2024-03-04,META,BUY,68.0,68.0,40.67,-0.16,False
2024-03-04,TSLA,STRONG SELL,34.0,34.0,-1.54,-11.43,True
2024-03-11,AAPL,HOLD,50.0,50.0,5.28,-1.78,
2024-03-11,MSFT,BUY,63.0,63.0,19.21,5.38,True
2024-03-11,NVDA,BUY,60.0,60.0,63.83,-0.49,False
2024-03-11,GOOGL,HOLD,55.0,55.0,13.97,13.75,
2024-03-11,AMZN,STRONG BUY,73.0,73.0,27.64,7.97,True
2024-03-11,META,BUY,68.0,68.0,42.81,6.89,True
2024-03-11,TSLA,STRONG SELL,29.0,29.0,-1.79,-0.5,True
2024-03-18,AAPL,STRONG SELL,32.0,32.0,-2.01,-2.5,True
2024-03-18,MSFT,STRONG BUY,73.0,73.0,18.74,-0.66,False
2024-03-18,NVDA,BUY,68.0,68.0,57.54,-1.18,False
2024-03-18,GOOGL,BUY,63.0,63.0,14.44,4.55,True
2024-03-18,AMZN,STRONG BUY,73.0,73.0,23.81,5.07,True
2024-03-18,META,STRONG BUY,73.0,73.0,41.65,0.56,True
2024-03-18,TSLA,SELL,37.0,37.0,-6.51,-9.6,True
2024-03-25,AAPL,STRONG SELL,32.0,32.0,-4.36,-2.31,True
2024-03-25,MSFT,STRONG BUY,73.0,73.0,17.8,-3.62,False
2024-03-25,NVDA,BUY,68.0,68.0,56.3,-13.24,False
2024-03-25,GOOGL,BUY,65.0,65.0,14.22,5.46,True
2024-03-25,AMZN,STRONG BUY,73.0,73.0,23.77,-0.09,False
2024-03-25,META,STRONG BUY,73.0,73.0,38.71,-1.38,False
2024-03-25,TSLA,STRONG SELL,29.0,29.0,-12.21,-16.19,True
2024-04-02,AAPL,STRONG SELL,29.0,29.0,-6.53,0.88,False
2024-04-02,MSFT,STRONG BUY,76.0,76.0,17.95,-7.62,False
2024-04-02,NVDA,BUY,68.0,68.0,52.71,-3.41,False
2024-04-02,GOOGL,BUY,65.0,65.0,13.77,5.32,True
2024-04-02,AMZN,STRONG BUY,73.0,73.0,25.07,-3.15,False
2024-04-02,META,STRONG BUY,73.0,73.0,38.57,-13.51,False
2024-04-02,TSLA,STRONG SELL,29.0,29.0,-14.72,9.99,False
2024-04-09,AAPL,STRONG SELL,29.0,29.0,-6.68,7.5,False
2024-04-09,MSFT,STRONG BUY,76.0,76.0,17.59,-3.97,False
2024-04-09,NVDA,STRONG BUY,73.0,73.0,55.56,6.09,True
2024-04-09,GOOGL,BUY,65.0,65.0,15.13,9.36,True
2024-04-09,AMZN,BUY,68.0,68.0,24.13,1.66,True
2024-04-09,META,STRONG BUY,73.0,73.0,42.34,-9.41,False
2024-04-09,TSLA,STRONG SELL,29.0,29.0,-16.06,0.53,False
2024-04-16,AAPL,STRONG SELL,29.0,29.0,-7.91,10.81,False
2024-04-16,MSFT,BUY,68.0,68.0,16.59,0.48,True
2024-04-16,NVDA,BUY,63.0,63.0,60.26,4.51,True
2024-04-16,GOOGL,STRONG BUY,73.0,73.0,18.82,10.32,True
2024-04-16,AMZN,STRONG BUY,76.0,76.0,26.65,2.05,True
2024-04-16,META,STRONG BUY,73.0,73.0,44.92,-5.58,False
2024-04-16,TSLA,STRONG SELL,29.0,29.0,-18.78,13.01,False
2024-04-23,AAPL,STRONG SELL,29.0,29.0,-10.0,15.4,False
2024-04-23,MSFT,HOLD,58.0,58.0,12.91,5.46,
2024-04-23,NVDA,BUY,50.0,50.0,48.1,15.73,True
2024-04-23,GOOGL,STRONG BUY,73.0,73.0,18.55,12.38,True
2024-04-23,AMZN,STRONG BUY,76.0,76.0,24.08,2.01,True
2024-04-23,META,BUY,63.0,63.0,37.99,-6.34,False
2024-04-23,TSLA,STRONG SELL,29.0,29.0,-22.33,28.97,False
2024-04-30,AAPL,SELL,39.0,39.0,-7.54,11.87,False
2024-04-30,MSFT,BUY,66.0,66.0,13.87,10.43,True
2024-04-30,NVDA,BUY,58.0,58.0,53.62,32.9,True
2024-04-30,GOOGL,STRONG BUY,73.0,73.0,17.13,8.06,True
2024-04-30,AMZN,BUY,55.0,55.0,17.07,4.01,True
2024-04-30,META,BUY,63.0,63.0,29.86,10.27,True
2024-04-30,TSLA,STRONG SELL,32.0,32.0,-21.43,-3.87,True
2024-05-07,AAPL,HOLD,47.0,47.0,-4.3,7.53,
2024-05-07,MSFT,HOLD,55.0,55.0,12.09,3.77,
2024-05-07,NVDA,BUY,58.0,58.0,54.36,35.21,True
2024-05-07,GOOGL,STRONG BUY,73.0,73.0,18.47,2.43,True
2024-05-07,AMZN,STRONG BUY,73.0,73.0,23.41,-3.96,False
2024-05-07,META,BUY,55.0,55.0,28.82,5.73,True
2024-05-07,TSLA,SELL,42.0,42.0,-23.22,-1.58,True
2024-05-14,AAPL,HOLD,47.0,47.0,-0.24,13.68,
2024-05-14,MSFT,BUY,63.0,63.0,15.61,6.07,True
2024-05-14,NVDA,BUY,60.0,60.0,56.91,37.06,True
2024-05-14,GOOGL,STRONG BUY,73.0,73.0,20.69,4.49,True
2024-05-14,AMZN,STRONG BUY,73.0,73.0,26.87,-0.1,False
2024-05-14,META,BUY,55.0,55.0,30.41,7.84,True
2024-05-14,TSLA,SELL,42.0,42.0,-22.95,-0.15,True
2024-05-21,AAPL,HOLD,47.0,47.0,-0.66,9.01,
2024-05-21,MSFT,BUY,65.0,65.0,14.04,3.88,True
2024-05-21,NVDA,BUY,60.0,60.0,50.28,37.12,True
2024-05-21,GOOGL,BUY,65.0,65.0,18.0,-0.76,False
2024-05-21,AMZN,STRONG BUY,73.0,73.0,22.24,1.61,True
2024-05-21,META,BUY,55.0,55.0,25.97,8.09,True
2024-05-21,TSLA,SELL,42.0,42.0,-20.05,-2.7,True
2024-05-29,AAPL,HOLD,55.0,55.0,-1.55,12.51,
2024-05-29,MSFT,BUY,65.0,65.0,13.13,5.52,True
2024-05-29,NVDA,BUY,60.0,60.0,55.34,7.99,True
2024-05-29,GOOGL,STRONG BUY,73.0,73.0,18.48,5.53,True
2024-05-29,AMZN,STRONG BUY,73.0,73.0,22.07,8.7,True
2024-05-29,META,BUY,55.0,55.0,25.49,9.64,True
2024-05-29,TSLA,SELL,42.0,42.0,-21.57,12.05,False
2024-06-05,AAPL,HOLD,55.0,55.0,0.14,15.56,
2024-06-05,MSFT,STRONG BUY,73.0,73.0,12.89,10.27,True
2024-06-05,NVDA,BUY,60.0,60.0,56.76,2.78,True
2024-06-05,GOOGL,STRONG BUY,73.0,73.0,15.8,8.78,True
2024-06-05,AMZN,BUY,55.0,55.0,15.47,10.33,True
2024-06-05,META,STRONG BUY,73.0,73.0,28.33,9.17,True
2024-06-05,TSLA,STRONG SELL,32.0,32.0,-20.81,43.73,False
2024-06-12,AAPL,HOLD,47.0,47.0,3.08,8.2,
2024-06-12,MSFT,STRONG BUY,76.0,76.0,15.47,2.83,True
2024-06-12,NVDA,BUY,65.0,65.0,51.15,3.23,True
2024-06-12,GOOGL,STRONG BUY,76.0,76.0,21.67,4.09,True
2024-06-12,AMZN,BUY,66.0,66.0,15.97,4.07,True
2024-06-12,META,BUY,65.0,65.0,19.26,-1.86,False
2024-06-12,TSLA,SELL,37.0,37.0,-17.74,40.01,False
2024-06-20,AAPL,BUY,73.0,73.0,8.52,6.98,True
2024-06-20,MSFT,BUY,68.0,68.0,13.12,-1.93,False
2024-06-20,NVDA,BUY,65.0,65.0,51.85,-9.83,False
2024-06-20,GOOGL,STRONG BUY,76.0,76.0,20.14,0.77,True
2024-06-20,AMZN,BUY,66.0,66.0,15.37,-1.6,False
2024-06-20,META,BUY,65.0,65.0,18.12,-4.97,False
2024-06-20,TSLA,HOLD,47.0,47.0,-16.93,31.74,
2024-06-27,AAPL,BUY,65.0,65.0,10.06,1.8,True
2024-06-27,MSFT,BUY,68.0,68.0,15.63,-6.09,False
2024-06-27,NVDA,BUY,68.0,68.0,54.34,-8.82,False
2024-06-27,GOOGL,STRONG BUY,76.0,76.0,25.63,-9.93,False
2024-06-27,AMZN,BUY,65.0,65.0,19.11,-7.76,False
2024-06-27,META,BUY,65.0,65.0,18.97,-10.37,False
2024-06-27,TSLA,HOLD,47.0,47.0,-14.65,11.34,
2024-07-05,AAPL,STRONG BUY,73.0,73.0,14.66,-2.86,False
2024-07-05,MSFT,BUY,68.0,68.0,16.42,-12.63,False
2024-07-05,NVDA,BUY,68.0,68.0,45.5,-14.75,False
2024-07-05,GOOGL,BUY,68.0,68.0,26.57,-12.56,False
2024-07-05,AMZN,BUY,65.0,65.0,17.59,-16.05,False
2024-07-05,META,STRONG BUY,73.0,73.0,20.26,-9.59,False
2024-07-05,TSLA,SELL,42.0,42.0,-3.92,-17.43,True
2024-07-12,AAPL,BUY,65.0,65.0,19.4,-6.2,False
2024-07-12,MSFT,STRONG BUY,76.0,76.0,18.31,-10.48,False
2024-07-12,NVDA,BUY,68.0,68.0,41.04,-18.95,False
2024-07-12,GOOGL,STRONG BUY,76.0,76.0,30.93,-11.56,False
2024-07-12,AMZN,STRONG BUY,73.0,73.0,18.71,-14.17,False
2024-07-12,META,STRONG BUY,73.0,73.0,18.45,3.79,True
2024-07-12,TSLA,SELL,42.0,42.0,3.05,-19.43,True
2024-07-19,AAPL,STRONG BUY,73.0,73.0,19.53,0.89,True
2024-07-19,MSFT,BUY,68.0,68.0,14.02,-4.09,False
2024-07-19,NVDA,BUY,63.0,63.0,32.59,5.64,True
2024-07-19,GOOGL,BUY,65.0,65.0,23.85,-8.27,False
2024-07-19,AMZN,BUY,65.0,65.0,15.11,-3.31,False
2024-07-19,META,HOLD,55.0,55.0,12.78,10.62,
2024-07-19,TSLA,HOLD,50.0,50.0,5.16,-9.65,
2024-07-26,AAPL,STRONG BUY,73.0,73.0,17.88,4.19,True
2024-07-26,MSFT,BUY,63.0,63.0,11.61,-1.82,False
2024-07-26,NVDA,BUY,50.0,50.0,30.7,14.43,True
2024-07-26,GOOGL,BUY,63.0,63.0,17.68,-0.83,False
2024-07-26,AMZN,BUY,63.0,63.0,14.38,-2.99,False
2024-07-26,META,BUY,63.0,63.0,14.47,13.38,True
2024-07-26,TSLA,HOLD,50.0,50.0,3.64,0.24,
2024-08-02,AAPL,STRONG BUY,71.0,71.0,20.98,4.28,True
2024-08-02,MSFT,BUY,63.0,63.0,10.63,2.3,True
2024-08-02,NVDA,BUY,50.0,50.0,28.02,11.28,True
2024-08-02,GOOGL,BUY,63.0,63.0,16.38,-1.97,False
2024-08-02,AMZN,HOLD,55.0,55.0,10.26,6.31,
2024-08-02,META,HOLD,55.0,55.0,13.44,6.8,
2024-08-02,TSLA,HOLD,50.0,50.0,-0.64,3.1,
2024-08-09,AAPL,BUY,63.0,63.0,18.78,2.28,True
2024-08-09,MSFT,BUY,63.0,63.0,10.27,0.11,True
2024-08-09,NVDA,BUY,50.0,50.0,30.12,1.64,True
2024-08-09,GOOGL,BUY,63.0,63.0,14.25,-9.02,False
2024-08-09,AMZN,HOLD,47.0,47.0,6.97,5.07,
2024-08-09,META,BUY,63.0,63.0,15.31,-2.51,False
2024-08-09,TSLA,HOLD,50.0,50.0,1.03,8.14,
2024-08-16,AAPL,BUY,63.0,63.0,22.06,-4.3,False
2024-08-16,MSFT,HOLD,55.0,55.0,8.61,3.08,
2024-08-16,NVDA,BUY,58.0,58.0,38.99,-6.25,False
2024-08-16,GOOGL,HOLD,55.0,55.0,11.86,-2.88,
2024-08-16,AMZN,HOLD,55.0,55.0,8.51,4.42,
2024-08-16,META,BUY,65.0,65.0,15.01,1.21,True
2024-08-16,TSLA,HOLD,58.0,58.0,5.64,4.93,
2024-08-23,AAPL,BUY,65.0,65.0,23.1,-0.16,False
2024-08-23,MSFT,HOLD,47.0,47.0,7.91,4.01,
2024-08-23,NVDA,BUY,60.0,60.0,44.54,-10.13,False
2024-08-23,GOOGL,HOLD,55.0,55.0,12.45,-2.15,
2024-08-23,AMZN,HOLD,47.0,47.0,7.83,9.51,
2024-08-23,META,BUY,65.0,65.0,17.83,7.0,True
2024-08-23,TSLA,HOLD,58.0,58.0,13.87,13.47,
2024-08-30,AAPL,BUY,65.0,65.0,23.68,1.75,True
2024-08-30,MSFT,BUY,65.0,65.0,11.86,3.15,True
2024-08-30,NVDA,BUY,60.0,60.0,46.1,1.74,True
2024-08-30,GOOGL,HOLD,55.0,55.0,10.82,1.65,
2024-08-30,AMZN,BUY,65.0,65.0,12.92,4.39,True
2024-08-30,META,STRONG BUY,73.0,73.0,19.39,9.91,True
2024-08-30,TSLA,BUY,60.0,60.0,10.18,22.19,True
2024-09-09,AAPL,BUY,65.0,65.0,22.43,0.35,True
2024-09-09,MSFT,HOLD,50.0,50.0,9.36,0.94,
2024-09-09,NVDA,BUY,58.0,58.0,39.31,19.97,True
2024-09-09,GOOGL,HOLD,55.0,55.0,7.35,9.6,
2024-09-09,AMZN,BUY,65.0,65.0,11.58,3.08,True
2024-09-09,META,STRONG BUY,73.0,73.0,25.17,15.96,True
2024-09-09,TSLA,BUY,60.0,60.0,4.73,11.36,True
2024-09-16,AAPL,BUY,65.0,65.0,17.02,6.92,True
2024-09-16,MSFT,STRONG BUY,76.0,76.0,14.35,-2.83,False
2024-09-16,NVDA,BUY,50.0,50.0,34.03,18.23,True
2024-09-16,GOOGL,HOLD,55.0,55.0,6.55,4.37,
2024-09-16,AMZN,STRONG BUY,73.0,73.0,11.94,1.43,True
2024-09-16,META,BUY,63.0,63.0,19.89,10.71,True
2024-09-16,TSLA,BUY,68.0,68.0,11.93,-3.36,False
2024-09-23,AAPL,BUY,66.0,66.0,16.89,4.42,True
2024-09-23,MSFT,BUY,68.0,68.0,10.82,-3.4,False
2024-09-23,NVDA,BUY,58.0,58.0,33.22,23.61,True
2024-09-23,GOOGL,HOLD,55.0,55.0,6.02,1.37,
2024-09-23,AMZN,BUY,65.0,65.0,11.92,-2.48,False
2024-09-23,META,BUY,65.0,65.0,20.96,1.9,True
2024-09-23,TSLA,BUY,60.0,60.0,17.21,-12.46,False
2024-09-30,AAPL,STRONG BUY,76.0,76.0,20.2,0.17,True
2024-09-30,MSFT,STRONG BUY,76.0,76.0,11.02,-0.86,False
2024-09-30,NVDA,BUY,68.0,68.0,36.88,15.71,True
2024-09-30,GOOGL,BUY,65.0,65.0,7.34,0.52,True
2024-09-30,AMZN,STRONG BUY,73.0,73.0,13.28,1.11,True
2024-09-30,META,BUY,65.0,65.0,23.33,1.0,True
2024-09-30,TSLA,BUY,60.0,60.0,18.61,0.34,True
2024-10-07,AAPL,BUY,65.0,65.0,15.98,0.14,True
2024-10-07,MSFT,BUY,68.0,68.0,9.5,-0.26,False
2024-10-07,NVDA,BUY,68.0,68.0,28.68,6.52,True
2024-10-07,GOOGL,BUY,73.0,73.0,9.76,3.84,True
2024-10-07,AMZN,STRONG BUY,73.0,73.0,13.25,8.29,True
2024-10-07,META,BUY,65.0,65.0,24.34,-4.12,False
2024-10-07,TSLA,BUY,68.0,68.0,17.49,0.83,True
2024-10-14,AAPL,STRONG BUY,73.0,73.0,18.66,-2.95,False
2024-10-14,MSFT,BUY,66.0,66.0,7.97,-0.27,False
2024-10-14,NVDA,BUY,60.0,60.0,23.6,5.21,True
2024-10-14,GOOGL,BUY,73.0,73.0,8.62,9.33,True
2024-10-14,AMZN,STRONG BUY,73.0,73.0,12.14,10.29,True
2024-10-14,META,STRONG BUY,73.0,73.0,23.3,-1.23,False
2024-10-14,TSLA,BUY,68.0,68.0,14.37,59.7,True
2024-10-21,AAPL,STRONG BUY,73.0,73.0,14.01,-3.47,False
2024-10-21,MSFT,HOLD,58.0,58.0,3.86,-0.72,
2024-10-21,NVDA,BUY,65.0,65.0,22.12,-2.48,False
2024-10-21,GOOGL,BUY,76.0,76.0,9.42,6.84,True
2024-10-21,AMZN,STRONG BUY,73.0,73.0,12.34,6.68,True
2024-10-21,META,STRONG BUY,76.0,76.0,21.98,-3.61,False
2024-10-21,TSLA,BUY,63.0,63.0,12.4,54.78,True
2024-10-28,AAPL,STRONG BUY,73.0,73.0,15.67,-0.12,False
2024-10-28,MSFT,BUY,66.0,66.0,4.61,-1.63,False
2024-10-28,NVDA,STRONG BUY,73.0,73.0,25.22,-3.2,False
2024-10-28,GOOGL,BUY,76.0,76.0,8.28,0.56,True
2024-10-28,AMZN,BUY,66.0,66.0,8.77,6.93,True
2024-10-28,META,STRONG BUY,73.0,73.0,22.42,-2.26,False
2024-10-28,TSLA,BUY,58.0,58.0,20.54,28.98,True
2024-11-04,AAPL,BUY,66.0,66.0,11.86,9.42,True
2024-11-04,MSFT,HOLD,47.0,47.0,-0.38,5.78,
2024-11-04,NVDA,STRONG BUY,73.0,73.0,26.03,3.09,True
2024-11-04,GOOGL,BUY,76.0,76.0,7.67,1.24,True
2024-11-04,AMZN,BUY,73.0,73.0,9.85,9.02,True
2024-11-04,META,BUY,63.0,63.0,17.94,9.45,True
2024-11-04,TSLA,HOLD,58.0,58.0,12.06,44.71,
2024-11-11,AAPL,HOLD,58.0,58.0,6.51,10.5,
2024-11-11,MSFT,HOLD,57.0,57.0,-0.16,6.27,
2024-11-11,NVDA,STRONG BUY,73.0,73.0,25.69,-7.01,False
2024-11-11,GOOGL,BUY,65.0,65.0,5.04,2.79,True
2024-11-11,AMZN,BUY,73.0,73.0,9.88,8.8,True
2024-11-11,META,BUY,63.0,63.0,16.17,6.2,True
2024-11-11,TSLA,BUY,60.0,60.0,15.7,14.57,True
2024-11-18,AAPL,BUY,66.0,66.0,7.43,11.17,True
2024-11-18,MSFT,HOLD,47.0,47.0,-1.29,9.53,
2024-11-18,NVDA,STRONG BUY,73.0,73.0,25.08,-6.96,False
2024-11-18,GOOGL,BUY,73.0,73.0,6.65,11.61,True
2024-11-18,AMZN,STRONG BUY,73.0,73.0,11.07,14.6,True
2024-11-18,META,BUY,55.0,55.0,16.46,11.82,True
2024-11-18,TSLA,BUY,60.0,60.0,15.53,41.66,True
2024-11-25,AAPL,BUY,66.0,66.0,10.69,10.88,True
2024-11-25,MSFT,HOLD,47.0,47.0,-0.19,4.9,
2024-11-25,NVDA,STRONG BUY,73.0,73.0,26.88,3.09,True
2024-11-25,GOOGL,BUY,65.0,65.0,5.18,17.11,True
2024-11-25,AMZN,STRONG BUY,73.0,73.0,14.05,13.7,True
2024-11-25,META,BUY,55.0,55.0,17.79,7.63,True
2024-11-25,TSLA,BUY,60.0,60.0,17.56,36.53,True
2024-12-03,AAPL,BUY,68.0,68.0,14.24,0.49,True
2024-12-03,MSFT,HOLD,55.0,55.0,3.9,-2.93,
2024-12-03,NVDA,BUY,63.0,63.0,31.2,-1.38,False
2024-12-03,GOOGL,BUY,63.0,63.0,8.5,10.68,True
2024-12-03,AMZN,STRONG BUY,73.0,73.0,15.98,3.18,True
2024-12-03,META,BUY,63.0,63.0,25.29,-2.27,False
2024-12-03,TSLA,BUY,68.0,68.0,29.16,7.93,True
2024-12-10,AAPL,BUY,68.0,68.0,18.01,-4.41,False
2024-12-10,MSFT,HOLD,47.0,47.0,7.14,-5.5,
2024-12-10,NVDA,BUY,55.0,55.0,34.79,0.62,True
2024-12-10,GOOGL,STRONG BUY,73.0,73.0,16.52,3.71,True
2024-12-10,AMZN,BUY,65.0,65.0,25.28,-2.71,False
2024-12-10,META,BUY,65.0,65.0,24.65,-0.48,False
2024-12-10,TSLA,BUY,60.0,60.0,52.19,-1.56,False
2024-12-17,AAPL,BUY,68.0,68.0,17.01,-9.27,False
2024-12-17,MSFT,BUY,68.0,68.0,10.85,-5.6,False
2024-12-17,NVDA,BUY,55.0,55.0,28.17,5.61,True
2024-12-17,GOOGL,BUY,65.0,65.0,15.83,0.3,True
2024-12-17,AMZN,BUY,65.0,65.0,24.47,-2.25,False
2024-12-17,META,STRONG BUY,73.0,73.0,21.28,-1.08,False
2024-12-17,TSLA,BUY,60.0,60.0,72.22,-11.12,False
2024-12-24,AAPL,BUY,68.0,68.0,16.02,-10.98,False
2024-12-24,MSFT,BUY,76.0,76.0,9.09,-1.09,False
2024-12-24,NVDA,BUY,63.0,63.0,21.04,-15.55,False
2024-12-24,GOOGL,BUY,65.0,65.0,14.56,-2.19,False
2024-12-24,AMZN,STRONG BUY,73.0,73.0,21.68,2.78,True
2024-12-24,META,STRONG BUY,73.0,73.0,18.87,8.58,True
2024-12-24,TSLA,BUY,60.0,60.0,56.87,-14.09,False
2025-01-02,AAPL,STRONG BUY,76.0,76.0,16.24,-6.5,False
2025-01-02,MSFT,BUY,68.0,68.0,6.7,-1.83,False
2025-01-02,NVDA,BUY,55.0,55.0,19.92,-15.65,False
2025-01-02,GOOGL,STRONG BUY,73.0,73.0,15.45,6.23,True
2025-01-02,AMZN,STRONG BUY,73.0,73.0,21.26,7.81,True
2025-01-02,META,STRONG BUY,73.0,73.0,19.11,16.39,True
2025-01-02,TSLA,BUY,68.0,68.0,50.74,1.16,True
2025-01-10,AAPL,HOLD,58.0,58.0,12.8,-3.78,
2025-01-10,MSFT,HOLD,50.0,50.0,3.17,-1.61,
2025-01-10,NVDA,BUY,65.0,65.0,30.97,-1.72,False
2025-01-10,GOOGL,STRONG BUY,73.0,73.0,19.51,-2.9,False
2025-01-10,AMZN,STRONG BUY,73.0,73.0,20.87,6.49,True
2025-01-10,META,BUY,63.0,63.0,18.69,16.49,True
2025-01-10,TSLA,BUY,68.0,68.0,56.4,-11.15,False
2025-01-17,AAPL,BUY,63.0,63.0,13.89,6.42,True
2025-01-17,MSFT,BUY,66.0,66.0,6.34,-4.52,False
2025-01-17,NVDA,BUY,55.0,55.0,28.15,1.23,True
2025-01-17,GOOGL,STRONG BUY,73.0,73.0,24.27,-6.24,False
2025-01-17,AMZN,BUY,63.0,63.0,18.78,0.31,True
2025-01-17,META,BUY,63.0,63.0,19.18,16.91,True
2025-01-17,TSLA,BUY,58.0,58.0,53.47,-16.97,False
2025-01-27,AAPL,HOLD,55.0,55.0,12.93,7.59,
2025-01-27,MSFT,BUY,63.0,63.0,3.51,-8.25,False
2025-01-27,NVDA,BUY,52.0,52.0,19.77,6.93,True
2025-01-27,GOOGL,STRONG BUY,73.0,73.0,19.11,-8.54,False
2025-01-27,AMZN,STRONG BUY,73.0,73.0,20.54,-9.61,False
2025-01-27,META,STRONG BUY,73.0,73.0,20.43,-0.36,False
2025-01-27,TSLA,BUY,58.0,58.0,49.71,-23.76,False
2025-02-03,AAPL,HOLD,55.0,55.0,10.42,3.59,
2025-02-03,MSFT,HOLD,47.0,47.0,-0.69,-5.24,
2025-02-03,NVDA,SELL,42.0,42.0,13.94,-0.57,True
2025-02-03,GOOGL,STRONG BUY,73.0,73.0,20.2,-15.06,False
2025-02-03,AMZN,BUY,65.0,65.0,17.04,-14.16,False
2025-02-03,META,BUY,65.0,65.0,17.98,-8.24,False
2025-02-03,TSLA,BUY,50.0,50.0,37.81,-29.1,False
2025-02-10,AAPL,HOLD,55.0,55.0,10.67,-2.99,
2025-02-10,MSFT,HOLD,47.0,47.0,0.13,-7.52,
2025-02-10,NVDA,BUY,50.0,50.0,19.1,-18.57,False
2025-02-10,GOOGL,BUY,65.0,65.0,13.95,-11.93,False
2025-02-10,AMZN,STRONG BUY,73.0,73.0,21.59,-15.68,False
2025-02-10,META,BUY,65.0,65.0,18.29,-15.57,False
2025-02-10,TSLA,BUY,58.0,58.0,36.35,-34.26,False
2025-02-18,AAPL,STRONG BUY,73.0,73.0,16.65,-13.0,False
2025-02-18,MSFT,HOLD,55.0,55.0,2.07,-6.19,
2025-02-18,NVDA,HOLD,58.0,58.0,14.47,-17.19,
2025-02-18,GOOGL,HOLD,55.0,55.0,12.11,-12.47,
2025-02-18,AMZN,BUY,65.0,65.0,19.79,-14.93,False
2025-02-18,META,BUY,65.0,65.0,17.2,-18.63,False
2025-02-18,TSLA,BUY,50.0,50.0,38.8,-36.37,False
2025-02-25,AAPL,BUY,65.0,65.0,13.34,-9.43,False
2025-02-25,MSFT,HOLD,47.0,47.0,-1.02,-0.69,
2025-02-25,NVDA,BUY,60.0,60.0,12.98,-4.68,False
2025-02-25,GOOGL,HOLD,55.0,55.0,10.13,-2.66,
2025-02-25,AMZN,BUY,63.0,63.0,15.58,-3.33,False
2025-02-25,META,STRONG BUY,81.0,81.0,18.99,-4.66,False
2025-02-25,TSLA,BUY,58.0,58.0,44.26,-4.84,False
2025-03-04,AAPL,BUY,65.0,65.0,11.72,-5.4,False
2025-03-04,MSFT,SELL,37.0,37.0,-4.92,-1.65,True
2025-03-04,NVDA,HOLD,52.0,52.0,5.47,-5.03,
2025-03-04,GOOGL,HOLD,55.0,55.0,8.93,-8.0,
2025-03-04,AMZN,BUY,63.0,63.0,13.67,-5.71,False
2025-03-04,META,BUY,63.0,63.0,14.96,-8.36,False
2025-03-04,TSLA,HOLD,47.0,47.0,39.2,-1.32,
2025-03-11,AAPL,BUY,65.0,65.0,10.52,-21.93,False
2025-03-11,MSFT,SELL,37.0,37.0,-6.28,-6.81,True
2025-03-11,NVDA,HOLD,50.0,50.0,4.24,-11.45,
2025-03-11,GOOGL,HOLD,55.0,55.0,5.83,-11.79,
2025-03-11,AMZN,HOLD,55.0,55.0,10.45,-13.19,
2025-03-11,META,BUY,63.0,63.0,12.71,-15.65,False
2025-03-11,TSLA,BUY,50.0,50.0,29.5,-3.78,False
2025-03-18,AAPL,HOLD,55.0,55.0,9.13,-4.96,
2025-03-18,MSFT,STRONG SELL,29.0,29.0,-5.96,0.58,False
2025-03-18,NVDA,SELL,42.0,42.0,2.34,-2.8,True
2025-03-18,GOOGL,HOLD,47.0,47.0,2.85,-2.71,
2025-03-18,AMZN,HOLD,47.0,47.0,5.75,-6.86,
2025-03-18,META,BUY,63.0,63.0,13.76,-10.45,False
2025-03-18,TSLA,SELL,42.0,42.0,27.54,12.78,False
2025-03-25,AAPL,HOLD,47.0,47.0,7.56,-8.56,
2025-03-25,MSFT,STRONG SELL,29.0,29.0,-6.76,-5.26,True
2025-03-25,NVDA,STRONG SELL,24.0,24.0,-4.08,-14.9,True
2025-03-25,GOOGL,HOLD,47.0,47.0,0.35,-8.92,
2025-03-25,AMZN,HOLD,55.0,55.0,6.34,-12.21,
2025-03-25,META,HOLD,55.0,55.0,12.6,-16.93,
2025-03-25,TSLA,BUY,50.0,50.0,15.68,-12.98,False
2025-04-01,AAPL,HOLD,47.0,47.0,6.02,-4.79,
2025-04-01,MSFT,STRONG SELL,29.0,29.0,-7.39,3.42,False
2025-04-01,NVDA,STRONG SELL,24.0,24.0,-5.49,-1.12,True
2025-04-01,GOOGL,HOLD,47.0,47.0,-1.27,1.1,
2025-04-01,AMZN,HOLD,47.0,47.0,3.92,-4.03,
2025-04-01,META,HOLD,55.0,55.0,13.11,-6.31,
2025-04-01,TSLA,SELL,42.0,42.0,10.91,5.1,False
2025-04-08,AAPL,SELL,37.0,37.0,-1.54,13.82,False
2025-04-08,MSFT,SELL,37.0,37.0,-9.15,22.22,False
2025-04-08,NVDA,STRONG SELL,32.0,32.0,-3.5,21.56,False
2025-04-08,GOOGL,SELL,37.0,37.0,-3.49,4.62,False
2025-04-08,AMZN,HOLD,47.0,47.0,0.81,10.58,
2025-04-08,META,HOLD,47.0,47.0,7.46,16.92,
2025-04-08,TSLA,HOLD,52.0,52.0,14.76,24.5,
2025-04-15,AAPL,STRONG SELL,24.0,24.0,-5.42,5.18,False
2025-04-15,MSFT,STRONG SELL,29.0,29.0,-10.04,17.42,False
2025-04-15,NVDA,STRONG SELL,24.0,24.0,-7.74,20.62,False
2025-04-15,GOOGL,STRONG SELL,29.0,29.0,-5.67,5.8,False
2025-04-15,AMZN,SELL,42.0,42.0,-2.04,17.07,False
2025-04-15,META,SELL,42.0,42.0,3.37,26.43,False
2025-04-15,TSLA,STRONG SELL,34.0,34.0,5.67,36.82,False
2025-04-23,AAPL,STRONG SELL,24.0,24.0,-7.01,-1.1,True
2025-04-23,MSFT,STRONG SELL,29.0,29.0,-12.36,21.1,False
2025-04-23,NVDA,STRONG SELL,24.0,24.0,-8.8,28.32,False
2025-04-23,GOOGL,STRONG SELL,29.0,29.0,-11.3,8.5,False
2025-04-23,AMZN,STRONG SELL,24.0,24.0,-8.36,11.36,False
2025-04-23,META,SELL,42.0,42.0,1.3,22.15,False
2025-04-23,TSLA,STRONG SELL,24.0,24.0,21.31,33.45,False
2025-04-30,AAPL,STRONG SELL,24.0,24.0,-7.62,-5.78,True
2025-04-30,MSFT,HOLD,47.0,47.0,-6.99,16.26,
2025-04-30,NVDA,STRONG SELL,24.0,24.0,-6.84,27.79,False
2025-04-30,GOOGL,STRONG SELL,29.0,29.0,-10.02,8.22,False
2025-04-30,AMZN,STRONG SELL,24.0,24.0,-6.94,11.54,False
2025-04-30,META,SELL,42.0,42.0,3.82,17.5,False
2025-04-30,TSLA,SELL,42.0,42.0,-2.98,27.03,False
2025-05-07,AAPL,STRONG SELL,24.0,24.0,-11.5,2.37,False
2025-05-07,MSFT,HOLD,47.0,47.0,-4.35,8.12,
2025-05-07,NVDA,SELL,42.0,42.0,-6.75,19.59,False
2025-05-07,GOOGL,SELL,39.0,39.0,-10.94,11.12,False
2025-05-07,AMZN,STRONG SELL,24.0,24.0,-8.17,10.17,False
2025-05-07,META,SELL,42.0,42.0,4.49,14.71,False
2025-05-07,TSLA,SELL,42.0,42.0,-4.71,3.07,False
2025-05-14,AAPL,SELL,42.0,42.0,-5.22,-6.18,True
2025-05-14,MSFT,HOLD,47.0,47.0,-0.86,5.92,
2025-05-14,NVDA,SELL,42.0,42.0,-5.59,7.15,False
2025-05-14,GOOGL,HOLD,47.0,47.0,-7.37,6.38,
2025-05-14,AMZN,SELL,42.0,42.0,-1.99,1.42,False
2025-05-14,META,SELL,42.0,42.0,6.94,5.16,False
2025-05-14,TSLA,SELL,42.0,42.0,-0.73,-8.22,True
2025-05-21,AAPL,STRONG SELL,34.0,34.0,-6.95,-0.54,True
2025-05-21,MSFT,HOLD,47.0,47.0,0.28,5.49,
2025-05-21,NVDA,SELL,42.0,42.0,-2.95,9.15,False
2025-05-21,GOOGL,HOLD,47.0,47.0,-6.89,-1.02,
2025-05-21,AMZN,HOLD,50.0,50.0,-0.27,4.26,
2025-05-21,META,SELL,42.0,42.0,5.55,7.45,False
2025-05-21,TSLA,SELL,42.0,42.0,-0.69,-3.72,True
2025-05-29,AAPL,STRONG SELL,29.0,29.0,-6.89,0.57,False
2025-05-29,MSFT,HOLD,47.0,47.0,-0.28,8.12,
2025-05-29,NVDA,HOLD,47.0,47.0,-3.32,13.34,
2025-05-29,GOOGL,HOLD,47.0,47.0,-7.96,4.01,
2025-05-29,AMZN,HOLD,55.0,55.0,-1.38,8.56,
2025-05-29,META,HOLD,55.0,55.0,7.97,13.82,
2025-05-29,TSLA,SELL,42.0,42.0,-1.97,-9.71,True
2025-06-05,AAPL,STRONG SELL,29.0,29.0,-10.54,4.65,False
2025-06-05,MSFT,HOLD,55.0,55.0,0.12,6.42,
2025-06-05,NVDA,HOLD,55.0,55.0,3.13,13.04,
2025-06-05,GOOGL,HOLD,47.0,47.0,-7.92,5.23,
2025-06-05,AMZN,HOLD,55.0,55.0,-2.69,7.48,
2025-06-05,META,HOLD,47.0,47.0,3.39,5.01,
2025-06-05,TSLA,SELL,42.0,42.0,-1.94,3.25,False
2025-06-12,AAPL,STRONG SELL,29.0,29.0,-10.6,4.73,False
2025-06-12,MSFT,BUY,65.0,65.0,8.12,5.04,True
2025-06-12,NVDA,HOLD,55.0,55.0,9.77,13.15,
2025-06-12,GOOGL,HOLD,55.0,55.0,-7.6,3.34,
2025-06-12,AMZN,HOLD,55.0,55.0,-2.79,5.84,
2025-06-12,META,HOLD,47.0,47.0,1.85,4.05,
2025-06-12,TSLA,HOLD,50.0,50.0,0.17,-0.69,
2025-06-20,AAPL,STRONG SELL,29.0,29.0,-11.06,5.71,False
2025-06-20,MSFT,BUY,68.0,68.0,9.36,6.84,True
2025-06-20,NVDA,HOLD,55.0,55.0,3.42,19.14,
2025-06-20,GOOGL,HOLD,47.0,47.0,-5.54,14.08,
2025-06-20,AMZN,HOLD,55.0,55.0,-1.35,9.35,
2025-06-20,META,BUY,73.0,73.0,5.97,4.49,True
2025-06-20,TSLA,SELL,40.0,40.0,5.42,1.96,False
2025-06-27,AAPL,STRONG SELL,32.0,32.0,-13.2,6.45,False
2025-06-27,MSFT,BUY,68.0,68.0,11.26,3.34,True
2025-06-27,NVDA,BUY,65.0,65.0,7.04,12.04,True
2025-06-27,GOOGL,HOLD,55.0,55.0,-2.0,7.87,
2025-06-27,AMZN,HOLD,55.0,55.0,1.59,4.25,
2025-06-27,META,BUY,73.0,73.0,9.53,-2.18,False
2025-06-27,TSLA,SELL,40.0,40.0,0.66,0.61,False
2025-07-07,AAPL,SELL,39.0,39.0,-10.53,-3.14,True
2025-07-07,MSFT,BUY,68.0,68.0,14.42,7.62,True
2025-07-07,NVDA,BUY,65.0,65.0,11.43,13.75,True
2025-07-07,GOOGL,HOLD,55.0,55.0,1.56,10.32,
2025-07-07,AMZN,HOLD,55.0,55.0,4.78,-5.29,
2025-07-07,META,STRONG BUY,73.0,73.0,11.67,8.08,True
2025-07-07,TSLA,SELL,42.0,42.0,8.64,5.21,False
2025-07-14,AAPL,HOLD,50.0,50.0,-7.98,9.02,
2025-07-14,MSFT,BUY,68.0,68.0,15.58,3.73,True
2025-07-14,NVDA,BUY,65.0,65.0,21.64,10.96,True
2025-07-14,GOOGL,HOLD,47.0,47.0,1.18,10.71,
2025-07-14,AMZN,BUY,65.0,65.0,9.11,-1.95,False
2025-07-14,META,STRONG BUY,73.0,73.0,13.69,6.24,True
2025-07-14,TSLA,BUY,60.0,60.0,16.47,6.98,True
2025-07-21,AAPL,HOLD,50.0,50.0,-3.68,8.79,
2025-07-21,MSFT,STRONG BUY,76.0,76.0,21.96,1.38,True
2025-07-21,NVDA,BUY,65.0,65.0,26.03,6.2,True
2025-07-21,GOOGL,HOLD,47.0,47.0,5.13,7.05,
2025-07-21,AMZN,STRONG BUY,73.0,73.0,14.4,0.96,True
2025-07-21,META,STRONG BUY,73.0,73.0,16.86,7.63,True
2025-07-21,TSLA,BUY,58.0,58.0,24.43,2.03,True
2025-07-28,AAPL,HOLD,50.0,50.0,-3.18,6.25,
2025-07-28,MSFT,BUY,68.0,68.0,20.26,-1.45,False
2025-07-28,NVDA,BUY,65.0,65.0,27.45,1.73,True
2025-07-28,GOOGL,BUY,65.0,65.0,11.16,8.26,True
2025-07-28,AMZN,BUY,68.0,68.0,15.16,-2.08,False
2025-07-28,META,STRONG BUY,73.0,73.0,20.78,4.97,True
2025-07-28,TSLA,BUY,68.0,68.0,29.74,6.45,True
2025-08-04,AAPL,SELL,42.0,42.0,-7.96,13.1,False
2025-08-04,MSFT,BUY,68.0,68.0,22.75,-5.54,False
2025-08-04,NVDA,STRONG BUY,73.0,73.0,33.89,-5.12,False
2025-08-04,GOOGL,BUY,65.0,65.0,11.65,8.36,True
2025-08-04,AMZN,BUY,65.0,65.0,9.69,6.47,True
2025-08-04,META,STRONG BUY,73.0,73.0,21.16,-5.31,False
2025-08-04,TSLA,HOLD,52.0,52.0,14.24,6.5,
2025-08-11,AAPL,HOLD,55.0,55.0,-2.64,3.16,
2025-08-11,MSFT,STRONG BUY,76.0,76.0,25.33,-4.32,False
2025-08-11,NVDA,BUY,65.0,65.0,35.62,-6.21,False
2025-08-11,GOOGL,STRONG BUY,76.0,76.0,18.98,19.33,True
2025-08-11,AMZN,BUY,63.0,63.0,11.9,7.65,True
2025-08-11,META,STRONG BUY,73.0,73.0,23.91,-0.02,False
2025-08-11,TSLA,HOLD,55.0,55.0,14.98,2.34,
2025-08-18,AAPL,HOLD,47.0,47.0,2.98,3.14,
2025-08-18,MSFT,STRONG BUY,76.0,76.0,23.91,-1.4,False
2025-08-18,NVDA,STRONG BUY,73.0,73.0,35.44,-3.91,False
2025-08-18,GOOGL,STRONG BUY,76.0,76.0,19.28,23.53,True
2025-08-18,AMZN,BUY,63.0,63.0,14.99,1.11,True
2025-08-18,META,STRONG BUY,73.0,73.0,24.23,1.52,True
2025-08-18,TSLA,BUY,55.0,55.0,16.25,25.8,True
2025-08-25,AAPL,HOLD,47.0,47.0,3.78,12.0,
2025-08-25,MSFT,BUY,66.0,66.0,24.37,0.99,True
2025-08-25,NVDA,STRONG BUY,73.0,73.0,43.24,-0.76,False
2025-08-25,GOOGL,BUY,68.0,68.0,21.43,20.81,True
2025-08-25,AMZN,BUY,63.0,63.0,20.22,-3.17,False
2025-08-25,META,STRONG BUY,73.0,73.0,34.89,0.35,True
2025-08-25,TSLA,HOLD,47.0,47.0,23.23,22.86,
2025-09-02,AAPL,HOLD,55.0,55.0,2.1,10.84,
2025-09-02,MSFT,BUY,66.0,66.0,22.01,2.54,True
2025-09-02,NVDA,BUY,63.0,63.0,36.48,9.26,True
2025-09-02,GOOGL,STRONG BUY,76.0,76.0,21.82,15.13,True
2025-09-02,AMZN,STRONG BUY,73.0,73.0,17.54,-2.56,False
2025-09-02,META,STRONG BUY,73.0,73.0,29.37,-0.03,False
2025-09-02,TSLA,HOLD,47.0,47.0,15.58,35.03,
2025-09-09,AAPL,HOLD,55.0,55.0,1.89,9.44,
2025-09-09,MSFT,HOLD,58.0,58.0,14.0,5.13,
2025-09-09,NVDA,BUY,55.0,55.0,30.88,8.37,True
2025-09-09,GOOGL,BUY,65.0,65.0,25.91,2.56,True
2025-09-09,AMZN,STRONG BUY,73.0,73.0,18.61,-6.91,False
2025-09-09,META,BUY,63.0,63.0,23.93,-6.81,False
2025-09-09,TSLA,HOLD,55.0,55.0,14.09,24.82,
2025-09-16,AAPL,STRONG BUY,73.0,73.0,11.05,4.04,True
2025-09-16,MSFT,HOLD,58.0,58.0,13.36,0.89,
2025-09-16,NVDA,BUY,63.0,63.0,30.73,2.94,True
2025-09-16,GOOGL,BUY,65.0,65.0,33.15,-2.27,False
2025-09-16,AMZN,STRONG BUY,73.0,73.0,17.17,-7.55,False
2025-09-16,META,BUY,63.0,63.0,21.8,-8.97,False
2025-09-16,TSLA,BUY,65.0,65.0,25.01,1.81,True
2025-09-23,AAPL,STRONG BUY,73.0,73.0,10.14,3.28,True
2025-09-23,MSFT,HOLD,58.0,58.0,11.8,1.66,
2025-09-23,NVDA,BUY,63.0,63.0,22.15,1.53,True
2025-09-23,GOOGL,BUY,65.0,65.0,29.22,-0.48,False
2025-09-23,AMZN,BUY,65.0,65.0,9.33,0.6,True
2025-09-23,META,STRONG BUY,73.0,73.0,18.44,-2.93,False
2025-09-23,TSLA,BUY,65.0,65.0,12.91,3.93,True
2025-09-30,AAPL,BUY,65.0,65.0,12.15,5.64,True
2025-09-30,MSFT,STRONG BUY,76.0,76.0,16.6,4.66,True
2025-09-30,NVDA,STRONG BUY,73.0,73.0,28.25,7.74,True
2025-09-30,GOOGL,STRONG BUY,73.0,73.0,26.86,10.02,True
2025-09-30,AMZN,HOLD,55.0,55.0,7.49,4.41,
2025-09-30,META,HOLD,58.0,58.0,14.96,2.32,
2025-09-30,TSLA,BUY,65.0,65.0,15.85,3.56,True
2025-10-07,AAPL,BUY,65.0,65.0,13.24,5.29,True
2025-10-07,MSFT,STRONG BUY,76.0,76.0,16.74,-1.84,False
2025-10-07,NVDA,BUY,65.0,65.0,25.26,7.38,True
2025-10-07,GOOGL,STRONG BUY,73.0,73.0,27.9,12.93,True
2025-10-07,AMZN,HOLD,55.0,55.0,7.09,12.42,
2025-10-07,META,BUY,66.0,66.0,14.89,-12.03,False
2025-10-07,TSLA,STRONG BUY,73.0,73.0,15.86,2.58,True
2025-10-14,AAPL,STRONG BUY,73.0,73.0,12.8,11.2,True
2025-10-14,MSFT,STRONG BUY,76.0,76.0,15.15,-0.95,False
2025-10-14,NVDA,STRONG BUY,73.0,73.0,23.47,7.29,True
2025-10-14,GOOGL,BUY,63.0,63.0,25.25,18.68,True
2025-10-14,AMZN,HOLD,55.0,55.0,3.92,15.12,
2025-10-14,META,HOLD,55.0,55.0,8.35,-11.51,
2025-10-14,TSLA,BUY,68.0,68.0,25.79,2.42,True
2025-10-21,AAPL,STRONG BUY,73.0,73.0,18.75,1.88,True
2025-10-21,MSFT,STRONG BUY,76.0,76.0,15.16,-4.61,False
2025-10-21,NVDA,STRONG BUY,73.0,73.0,24.29,0.11,True
2025-10-21,GOOGL,STRONG BUY,73.0,73.0,29.04,13.5,True
2025-10-21,AMZN,HOLD,55.0,55.0,4.75,0.23,
2025-10-21,META,HOLD,55.0,55.0,10.46,-18.49,
2025-10-21,TSLA,BUY,68.0,68.0,20.45,-9.34,False
2025-10-28,AAPL,STRONG BUY,73.0,73.0,18.9,3.06,True
2025-10-28,MSFT,STRONG BUY,76.0,76.0,15.72,-11.84,False
2025-10-28,NVDA,STRONG BUY,73.0,73.0,28.72,-11.55,False
2025-10-28,GOOGL,BUY,65.0,65.0,36.01,20.93,True
2025-10-28,AMZN,STRONG BUY,73.0,73.0,10.35,0.18,True
2025-10-28,META,BUY,63.0,63.0,11.71,-15.33,False
2025-10-28,TSLA,STRONG BUY,73.0,73.0,18.94,-8.93,False
2025-11-04,AAPL,BUY,65.0,65.0,16.76,5.33,True
2025-11-04,MSFT,STRONG BUY,76.0,76.0,13.18,-6.94,False
2025-11-04,NVDA,STRONG BUY,73.0,73.0,22.93,-9.61,False
2025-11-04,GOOGL,BUY,65.0,65.0,34.01,15.17,True
2025-11-04,AMZN,BUY,65.0,65.0,8.95,-6.79,False
2025-11-04,META,HOLD,55.0,55.0,3.2,1.96,
2025-11-04,TSLA,BUY,68.0,68.0,22.91,0.56,True
2025-11-11,AAPL,BUY,65.0,65.0,16.78,1.28,True
2025-11-11,MSFT,HOLD,58.0,58.0,9.21,-5.75,
2025-11-11,NVDA,STRONG BUY,73.0,73.0,21.9,-4.85,False
2025-11-11,GOOGL,BUY,65.0,65.0,39.0,9.99,True
2025-11-11,AMZN,BUY,65.0,65.0,9.26,-6.95,False
2025-11-11,META,HOLD,55.0,55.0,3.55,3.68,
2025-11-11,TSLA,BUY,68.0,68.0,27.43,2.69,True
2025-11-18,AAPL,STRONG BUY,73.0,73.0,18.11,1.65,True
2025-11-18,MSFT,BUY,66.0,66.0,9.43,-3.4,False
2025-11-18,NVDA,BUY,65.0,65.0,15.19,-5.74,False
2025-11-18,GOOGL,STRONG BUY,73.0,73.0,37.12,4.44,True
2025-11-18,AMZN,BUY,65.0,65.0,4.03,-0.58,False
2025-11-18,META,HOLD,55.0,55.0,2.73,8.76,
2025-11-18,TSLA,BUY,55.0,55.0,17.17,16.45,True
2025-11-25,AAPL,STRONG BUY,76.0,76.0,19.41,-1.14,False
2025-11-25,MSFT,HOLD,58.0,58.0,6.96,2.31,
2025-11-25,NVDA,HOLD,55.0,55.0,14.27,6.07,
2025-11-25,GOOGL,BUY,65.0,65.0,39.91,-2.83,False
2025-11-25,AMZN,BUY,63.0,63.0,4.2,1.18,True
2025-11-25,META,HOLD,47.0,47.0,1.49,5.01,
2025-11-25,TSLA,BUY,55.0,55.0,15.21,15.74,True
2025-12-03,AAPL,STRONG BUY,76.0,76.0,22.53,-4.62,False
2025-12-03,MSFT,HOLD,55.0,55.0,5.65,-1.0,
2025-12-03,NVDA,HOLD,55.0,55.0,12.33,5.16,
2025-12-03,GOOGL,BUY,65.0,65.0,38.39,-1.34,False
2025-12-03,AMZN,BUY,63.0,63.0,3.84,-2.53,False
2025-12-03,META,HOLD,47.0,47.0,1.29,1.77,
2025-12-03,TSLA,BUY,63.0,63.0,22.94,-1.94,False
2025-12-10,AAPL,STRONG BUY,76.0,76.0,25.29,-6.96,False
2025-12-10,MSFT,HOLD,55.0,55.0,4.37,0.15,
2025-12-10,NVDA,HOLD,55.0,55.0,12.61,0.59,
2025-12-10,GOOGL,STRONG BUY,73.0,73.0,42.35,2.61,True
2025-12-10,AMZN,BUY,63.0,63.0,8.13,6.73,True
2025-12-10,META,STRONG SELL,31.0,31.0,-5.66,0.53,False
2025-12-10,TSLA,BUY,65.0,65.0,27.81,-1.43,False
2025-12-17,AAPL,STRONG BUY,76.0,76.0,16.62,-6.0,False
2025-12-17,MSFT,HOLD,55.0,55.0,4.18,-3.42,
2025-12-17,NVDA,HOLD,55.0,55.0,10.24,8.94,
2025-12-17,GOOGL,STRONG BUY,81.0,81.0,37.88,11.22,True
2025-12-17,AMZN,HOLD,55.0,55.0,3.43,8.07,
2025-12-17,META,SELL,39.0,39.0,-5.79,-4.5,True
2025-12-17,TSLA,STRONG BUY,73.0,73.0,25.68,-6.37,False
2025-12-24,AAPL,BUY,66.0,66.0,15.28,-6.72,False
2025-12-24,MSFT,BUY,65.0,65.0,8.59,-3.64,False
2025-12-24,NVDA,STRONG BUY,73.0,73.0,18.65,-1.13,False
2025-12-24,GOOGL,STRONG BUY,73.0,73.0,40.63,6.1,True
2025-12-24,AMZN,BUY,73.0,73.0,7.38,2.6,True
2025-12-24,META,HOLD,47.0,47.0,-1.95,0.72,
2025-12-24,TSLA,STRONG BUY,73.0,73.0,31.94,-10.34,False
2026-01-02,AAPL,HOLD,58.0,58.0,14.31,-0.37,
2026-01-02,MSFT,HOLD,50.0,50.0,5.43,-10.48,
2026-01-02,NVDA,STRONG BUY,73.0,73.0,17.29,-1.72,False
2026-01-02,GOOGL,BUY,63.0,63.0,37.13,9.06,True
2026-01-02,AMZN,HOLD,55.0,55.0,3.13,7.27,
2026-01-02,META,SELL,39.0,39.0,-4.55,8.61,False
2026-01-02,TSLA,BUY,65.0,65.0,22.19,-3.71,False
2026-01-09,AAPL,BUY,66.0,66.0,12.94,5.98,True
2026-01-09,MSFT,BUY,68.0,68.0,9.0,-13.7,False
2026-01-09,NVDA,BUY,65.0,65.0,18.95,2.8,True
2026-01-09,GOOGL,BUY,65.0,65.0,32.67,-1.29,False
2026-01-09,AMZN,BUY,65.0,65.0,9.04,-15.63,False
2026-01-09,META,HOLD,47.0,47.0,-2.31,3.7,
2026-01-09,TSLA,BUY,63.0,63.0,26.77,-6.22,False
2026-01-16,AAPL,BUY,66.0,66.0,15.81,3.36,True
2026-01-16,MSFT,HOLD,58.0,58.0,6.26,-13.7,
2026-01-16,NVDA,STRONG BUY,73.0,73.0,19.13,-0.68,False
2026-01-16,GOOGL,BUY,65.0,65.0,31.41,-8.48,False
2026-01-16,AMZN,BUY,73.0,73.0,8.96,-15.88,False
2026-01-16,META,SELL,37.0,37.0,-6.6,3.07,False
2026-01-16,TSLA,BUY,55.0,55.0,22.61,-6.14,False
2026-01-26,AAPL,HOLD,58.0,58.0,11.23,6.65,
2026-01-26,MSFT,STRONG SELL,32.0,32.0,0.08,-17.09,True
2026-01-26,NVDA,STRONG BUY,73.0,73.0,21.78,3.42,True
2026-01-26,GOOGL,STRONG BUY,73.0,73.0,32.01,-6.71,False
2026-01-26,AMZN,BUY,73.0,73.0,9.01,-12.52,False
2026-01-26,META,SELL,37.0,37.0,-6.82,-4.92,True
2026-01-26,TSLA,HOLD,55.0,55.0,11.99,-5.93,
2026-02-02,AAPL,BUY,63.0,63.0,11.35,0.88,True
2026-02-02,MSFT,STRONG SELL,29.0,29.0,-2.41,-7.91,True
2026-02-02,NVDA,STRONG BUY,73.0,73.0,19.72,3.9,True
2026-02-02,GOOGL,STRONG BUY,76.0,76.0,35.92,-9.54,False
2026-02-02,AMZN,STRONG BUY,73.0,73.0,13.07,-14.16,False
2026-02-02,META,HOLD,55.0,55.0,-1.2,-9.5,
2026-02-02,TSLA,HOLD,55.0,55.0,10.37,-1.35,
2026-02-09,AAPL,BUY,65.0,65.0,12.2,-0.9,False
2026-02-09,MSFT,STRONG SELL,29.0,29.0,-4.3,-5.73,True
2026-02-09,NVDA,BUY,63.0,63.0,14.77,1.48,True
2026-02-09,GOOGL,STRONG BUY,76.0,76.0,35.41,-4.14,False
2026-02-09,AMZN,HOLD,47.0,47.0,3.74,-0.08,
2026-02-09,META,HOLD,47.0,47.0,-0.93,-5.6,
2026-02-09,TSLA,HOLD,55.0,55.0,9.17,-0.29,
2026-02-17,AAPL,BUY,65.0,65.0,10.99,3.13,True
2026-02-17,MSFT,SELL,37.0,37.0,-4.46,-1.76,True
2026-02-17,NVDA,STRONG BUY,73.0,73.0,16.08,4.26,True
2026-02-17,GOOGL,BUY,63.0,63.0,30.61,2.94,True
2026-02-17,AMZN,HOLD,55.0,55.0,3.65,3.68,
2026-02-17,META,SELL,39.0,39.0,-3.7,0.0,False
2026-02-17,TSLA,HOLD,55.0,55.0,11.57,1.34,
2026-02-24,AAPL,STRONG BUY,73.0,73.0,16.05,,
2026-02-24,MSFT,STRONG SELL,29.0,29.0,-6.49,,
2026-02-24,NVDA,STRONG BUY,73.0,73.0,19.9,,
2026-02-24,GOOGL,BUY,63.0,63.0,30.35,,
2026-02-24,AMZN,HOLD,55.0,55.0,6.3,,
2026-02-24,META,SELL,37.0,37.0,-4.04,,
2026-02-24,TSLA,HOLD,55.0,55.0,12.28,1.65,
